https://www.anytimemailbox.com/s/spring-lake-6779-overhills-road
https://www.anytimemailbox.com/s/rocky-mount-3661-sunset-avenue
https://www.anytimemailbox.com/s/youngstown-5500-market-street
https://www.anytimemailbox.com/s/gonzales-711-e-ascension-street
https://www.anytimemailbox.com/s/stillwater-601-s-washington-street
https://www.anytimemailbox.com/s/alpharetta-5905-atlanta-hwy
https://www.anytimemailbox.com/s/elgin-11-douglas-avenue
https://www.anytimemailbox.com/s/naples-15275-collier-blvd
https://www.anytimemailbox.com/s/glendale-1125-e-broadway
https://www.anytimemailbox.com/s/bayside-333-w-brown-deer-road
https://www.anytimemailbox.com/s/mocksville-195-cooper-creek-drive
https://www.anytimemailbox.com/s/broomfield-300-nickel-street
https://www.anytimemailbox.com/s/cave-creek-29834-n-cave-creek-rd
https://www.anytimemailbox.com/s/waldorf-173-saint-patrick-drive
https://www.anytimemailbox.com/s/hampstead-201-alston-blvd
https://www.anytimemailbox.com/s/pasadena-1308-e-colorado-blvd
https://www.anytimemailbox.com/s/newport-146-se-1st-street
https://www.anytimemailbox.com/s/pensacola-1449-west-9-mile-road
https://www.anytimemailbox.com/s/reno-10580-n-mccarran-blvd
https://www.anytimemailbox.com/s/phoenix-3646-e-ray-road
https://www.anytimemailbox.com/s/bridgewater-27-central-square
https://www.anytimemailbox.com/s/louisville-6844-bardstown-road
https://www.anytimemailbox.com/s/yerington-512-w-goldfield-avenue
https://www.anytimemailbox.com/s/addison-3774-belt-line-road
https://www.anytimemailbox.com/s/eagle-2976-e-state-street
https://www.anytimemailbox.com/s/fairview-163-town-place
https://www.anytimemailbox.com/s/hurst-1303-w-pipeline-road
https://www.anytimemailbox.com/s/morgan-hill-409-tennant-station
https://www.anytimemailbox.com/s/farmington-770-market-st
https://www.anytimemailbox.com/s/raleigh-207-w-millbrook-road
https://www.anytimemailbox.com/s/bloomfield-43996-woodward-avenue
https://www.anytimemailbox.com/s/miami-shores-9701-ne-2nd-avenue
https://www.anytimemailbox.com/s/katy-5554-s-peek-road
https://www.anytimemailbox.com/s/youngsville-1170-us-1-hwy
https://www.anytimemailbox.com/s/richmond-11-s-12th-street
https://www.anytimemailbox.com/s/lake-worth-4550-lantana-road
https://www.anytimemailbox.com/s/merrillville-3618-w-80th-lane
https://www.anytimemailbox.com/s/las-vegas-1101-e-tropicana-avenue
https://www.anytimemailbox.com/s/sewell-288-egg-harbor-road
https://www.anytimemailbox.com/s/oklahoma-city-12220-n-macarthur-blvd
https://www.anytimemailbox.com/s/dayton-485-georges-road
https://www.anytimemailbox.com/s/wellington-13833-wellington-trace
https://www.anytimemailbox.com/s/fort-mill-3160-hwy-21
https://www.anytimemailbox.com/s/blue-island-13039-division-st
https://www.anytimemailbox.com/s/miami-1738-sw-57th-avenue
https://www.anytimemailbox.com/s/sulphur-108-e-napoleon-street
https://www.anytimemailbox.com/s/glendale-5541-n-59th-ave
https://www.anytimemailbox.com/s/eastpointe-14943-e-9-mile-road
https://www.anytimemailbox.com/s/las-vegas-8090-s-durango-drive
https://www.anytimemailbox.com/s/raleigh-1030-n-rogers-lane
https://www.anytimemailbox.com/s/dublin-6605-longshore-street
https://www.anytimemailbox.com/s/taylor-305-n-main-street
https://www.anytimemailbox.com/s/virginia-beach-5300-kempsriver-drive
https://www.anytimemailbox.com/s/mineral-point-104-high-street
https://www.anytimemailbox.com/s/miami-2125-biscayne-blvd
https://www.anytimemailbox.com/s/aurora-17200-e-iliff-avenue
https://www.anytimemailbox.com/s/humble-13531-will-clayton-pkwy
https://www.anytimemailbox.com/s/new-york-447-broadway
https://www.anytimemailbox.com/s/selden-277-middle-country-road
https://www.anytimemailbox.com/s/southfield-28475-greenfield-road
https://www.anytimemailbox.com/s/inglewood-1121-s-la-brea-avenue
https://www.anytimemailbox.com/s/rye-brook-7-rye-ridge-plaza
https://www.anytimemailbox.com/s/morton-grove-7953-beckwith-road
https://www.anytimemailbox.com/s/winter-springs-5840-red-bug-lake-road
https://www.anytimemailbox.com/s/indio-49950-jefferson-street
https://www.anytimemailbox.com/s/north-port-1121-w-price-blvd
https://www.anytimemailbox.com/s/waukegan-458-n-green-bay-road
https://www.anytimemailbox.com/s/baltimore-5808-belair-road
https://www.anytimemailbox.com/s/farmington-hills-36216-freedom-road
https://www.anytimemailbox.com/s/brooklyn-442-lorimer-street
https://www.anytimemailbox.com/s/pinehurst-222-central-park-avenue
https://www.anytimemailbox.com/s/phoenix-3218-e-bell-road
https://www.anytimemailbox.com/s/chicago-180-n-stetson-ave
https://www.anytimemailbox.com/s/rockford-1643-north-alpine-road
https://www.anytimemailbox.com/s/greensboro-6350-lake-oconee-parkway
https://www.anytimemailbox.com/s/slidell-636-gause-blvd-east
https://www.anytimemailbox.com/s/fargo-19-8th-street-south
https://www.anytimemailbox.com/s/mount-dora-18848-us-hwy-441
https://www.anytimemailbox.com/s/rolling-meadows-1701-golf-road-bldg-3
https://www.anytimemailbox.com/s/fort-worth-8101-boat-club-road
https://www.anytimemailbox.com/s/charlotte-1235-east-boulevard
https://www.anytimemailbox.com/s/falcon-7661-mclaughlin-road
https://www.anytimemailbox.com/s/houston-3301-fondren-road
https://www.anytimemailbox.com/s/houston-2404-greenhouse-road
https://www.anytimemailbox.com/s/conroe-10160-highway-242
https://www.anytimemailbox.com/s/greenville-2714-washington-street
https://www.anytimemailbox.com/s/new-york-rockefeller-center-45-rockefeller-plaza
https://www.anytimemailbox.com/s/san-antonio-19179-blanco-road
https://www.anytimemailbox.com/s/alpharetta-3480-preston-ridge-road
https://www.anytimemailbox.com/s/san-diego-113-west-g-street
https://www.anytimemailbox.com/s/beverly-hills-132-s-lasky-drive
https://www.anytimemailbox.com/s/erie-5148-peach-street
https://www.anytimemailbox.com/s/playa-del-rey-322-culver-blvd
https://www.anytimemailbox.com/s/plano-3000-custer-road
https://www.anytimemailbox.com/s/wake-forest-11216-capital-blvd
https://www.anytimemailbox.com/s/sugar-land-15500-voss-road
https://www.anytimemailbox.com/s/fayetteville-3350-footbridge-lane
https://www.anytimemailbox.com/s/cardiff-2033-san-elijo-avenue
https://www.anytimemailbox.com/s/charlotte-3540-toringdon-way
https://www.anytimemailbox.com/s/ellicott-city-8455-baltimore-national-pike
https://www.anytimemailbox.com/s/ada-6749-fulton-street-east
https://www.anytimemailbox.com/s/largo-1300-mercantile-lane
https://www.anytimemailbox.com/s/phoenix-2828-n-central-ave
https://www.anytimemailbox.com/s/leesburg-219-e-n-blvd
https://www.anytimemailbox.com/s/brooklyn-4604-new-utrecht-ave
https://www.anytimemailbox.com/s/murfreesboro-4183-franklin-road
https://www.anytimemailbox.com/s/saint-cloud-20-15th-ave-s
https://www.anytimemailbox.com/s/houston-5144-e-sam-houston-pkwy-n
https://www.anytimemailbox.com/s/katy-25807-westheimer-pkwy
https://www.anytimemailbox.com/s/lacey-4570-avery-lane-se
https://www.anytimemailbox.com/s/vancouver-15640-ne-fourth-plain-blvd
https://www.anytimemailbox.com/s/oakbrook-terrace-1-mid-america-plaza
https://www.anytimemailbox.com/s/glendale-6969-n-port-washington-road
https://www.anytimemailbox.com/s/virginia-beach-1832-kempsville-road
https://www.anytimemailbox.com/s/boulder-1630-30th-street
https://www.anytimemailbox.com/s/sacramento-8977-folsom-blvd
https://www.anytimemailbox.com/s/mission-hills-11100-sepulveda-blvd
https://www.anytimemailbox.com/s/ponta-vedra-90-fort-wade-road
https://www.anytimemailbox.com/s/saint-petersburg-2850-34th-street-north
https://www.anytimemailbox.com/s/titusville-379-cheney-hwy
https://www.anytimemailbox.com/s/new-jersey-2040-milburn-avenue
https://www.anytimemailbox.com/s/garfield-heights-5706-turney-road
https://www.anytimemailbox.com/s/league-city-2640-e-league-city-pkwy
https://www.anytimemailbox.com/s/waltham-419-moody-street
https://www.anytimemailbox.com/s/north-las-vegas-6355-n-commerce-street
https://www.anytimemailbox.com/s/missoula-2120-so-reserve-street
https://www.anytimemailbox.com/s/randolph-75-north-main-street
https://www.anytimemailbox.com/s/colorado-springs-3472-research-pkwy
https://www.anytimemailbox.com/s/east-windsor-859-us-130
https://www.anytimemailbox.com/s/katy-21040-highland-knolls-drive
https://www.anytimemailbox.com/s/san-diego-325-w-washington-street
https://www.anytimemailbox.com/s/fremont-34159-fremont-blvd
https://www.anytimemailbox.com/s/el-paso-3590-n-zaragoza-road
https://www.anytimemailbox.com/s/oro-valley-12112-n-rancho-vistoso-blvd
https://www.anytimemailbox.com/s/fort-worth-640-taylor-street
https://www.anytimemailbox.com/s/hollywood-7095-hollywood-blvd
https://www.anytimemailbox.com/s/pearland-1853-pearland-pkwy
https://www.anytimemailbox.com/s/denver-110-16th-street
https://www.anytimemailbox.com/s/new-albany-7775-walton-parkway
https://www.anytimemailbox.com/s/cypress-15201-mason-road
https://www.anytimemailbox.com/s/miami-5794-bird-road
https://www.anytimemailbox.com/s/gurnee-6615-grand-avenue
https://www.anytimemailbox.com/s/houston-1000-main-street
https://www.anytimemailbox.com/s/richmond-18-s-thompson-street
https://www.anytimemailbox.com/s/parkland-7957-n-university-drive
https://www.anytimemailbox.com/s/murrieta-40960-california-oaks-road
https://www.anytimemailbox.com/s/lutz-26246-wesley-chapel-blvd
https://www.anytimemailbox.com/s/ocoee-1746-e-silver-star-road
https://www.anytimemailbox.com/s/krugerville-4620-us-highway-377
https://www.anytimemailbox.com/s/san-diego-1111-6th-ave
https://www.anytimemailbox.com/s/new-bern-3537-dr-m-l-k-jr-blvd
https://www.anytimemailbox.com/s/escondido-1637-e-valley-parkway
https://www.anytimemailbox.com/s/columbia-1400-forum-blvd
https://www.anytimemailbox.com/s/tyngsborough-2-bridgeview-circle
https://www.anytimemailbox.com/s/lake-wylie-168-hwy-274
https://www.anytimemailbox.com/s/astoria-2509-astoria-boulevard
https://www.anytimemailbox.com/s/fayetteville-154-rainbow-way
https://www.anytimemailbox.com/s/georgetown-1530-sun-city-blvd
https://www.anytimemailbox.com/s/menlo-park-1259-el-camino-real
https://www.anytimemailbox.com/s/playa-del-rey-8117-w-manchester-ave
https://www.anytimemailbox.com/s/tavares-2010-state-road-19
https://www.anytimemailbox.com/s/roseto-305-roseto-avenue
https://www.anytimemailbox.com/s/mt-juliet-300-pleasant-grove-road
https://www.anytimemailbox.com/s/sammamish-704-228th-avenue-ne
https://www.anytimemailbox.com/s/des-moines-500-locust-street
https://www.anytimemailbox.com/s/plainview-329-south-oyster-bay-road
https://www.anytimemailbox.com/s/alpine-2710-alpine-blvd
https://www.anytimemailbox.com/s/jackson-156-w-michigan-avenue
https://www.anytimemailbox.com/s/richmond-8710-grand-mission-blvd
https://www.anytimemailbox.com/s/spring-4732-fm-2920
https://www.anytimemailbox.com/s/lakeway-2303-ranch-road-620-south
https://www.anytimemailbox.com/s/new-york-2578-broadway
https://www.anytimemailbox.com/s/st-croix-falls-2163-us-highway-8
https://www.anytimemailbox.com/s/hamburg-5949-camp-road
https://www.anytimemailbox.com/s/chagrin-falls-46-plaza-drive
https://www.anytimemailbox.com/s/kingwood-2261-northpark-drive
https://www.anytimemailbox.com/s/brooklyn-249-smith-street
https://www.anytimemailbox.com/s/culpeper-429-meadowbrook-shopping-center
https://www.anytimemailbox.com/s/deerfield-2515-waukegan-road
https://www.anytimemailbox.com/s/dallas-7777-forest-ln
https://www.anytimemailbox.com/s/minneapolis-5123-w-98th-street
https://www.anytimemailbox.com/s/astoria-2810-23rd-avenue
https://www.anytimemailbox.com/s/johnstown-622-central-avenue
https://www.anytimemailbox.com/s/redondo-beach-1732-aviation-blvd
https://www.anytimemailbox.com/s/idaho-falls-1846-1st-street
https://www.anytimemailbox.com/s/tampa-610-e-zack-street
https://www.anytimemailbox.com/s/los-angeles-7190-w-sunset-blvd
https://www.anytimemailbox.com/s/corinth-6820-s-stemmons-fwy
https://www.anytimemailbox.com/s/stratham-20-portsmouth-avenue
https://www.anytimemailbox.com/s/easton-2430-butler-street
https://www.anytimemailbox.com/s/fort-mill-1646-west-hwy-160
https://www.anytimemailbox.com/s/harrison-township-35409-jefferson-avenue
https://www.anytimemailbox.com/s/denton-1800-s-loop-288
https://www.anytimemailbox.com/s/st-johnsbury-75-eastern-ave
https://www.anytimemailbox.com/s/new-orleans-3157-gentilly-blvd
https://www.anytimemailbox.com/s/bremerton-3850-kitsap-way
https://www.anytimemailbox.com/s/atlanta-3343-peachtree-road-ne
https://www.anytimemailbox.com/s/highland-park-2057-a-green-bay-road
https://www.anytimemailbox.com/s/folsom-9580-oak-ave-pkwy
https://www.anytimemailbox.com/s/homewood-18141-dixie-highway
https://www.anytimemailbox.com/s/indianapolis-5450-lafayette-road
https://www.anytimemailbox.com/s/newbury-park-2639-lavery-court
https://www.anytimemailbox.com/s/miami-14-ne-1st-ave
https://www.anytimemailbox.com/s/medford-2640-e-barnett-road
https://www.anytimemailbox.com/s/spotsylvania-10408-courthouse-road
https://www.anytimemailbox.com/s/seattle-600-1st-ave
https://www.anytimemailbox.com/s/casper-312-w-2nd-street
https://www.anytimemailbox.com/s/allen-450-century-parkway
https://www.anytimemailbox.com/s/charlotte-16131-lancaster-hwy
https://www.anytimemailbox.com/s/hampton-110-coliseum-crossing
https://www.anytimemailbox.com/s/tampa-3031-n-rocky-pt-dr-w
https://www.anytimemailbox.com/s/detroit-1420-washington-blvd
https://www.anytimemailbox.com/s/rego-park-9560-queens-blvd
https://www.anytimemailbox.com/s/katy-24600-katy-fwy
https://www.anytimemailbox.com/s/bronx-1836-westchester-avenue
https://www.anytimemailbox.com/s/plano-6275-w-plano-parkway
https://www.anytimemailbox.com/s/little-elm-2701-little-elm-pkwy
https://www.anytimemailbox.com/s/wilmington-609-a-piner-rd
https://www.anytimemailbox.com/s/lewisville-2560-king-arthur-blvd
https://www.anytimemailbox.com/s/des-moines-505-e-grand-avenue
https://www.anytimemailbox.com/s/north-bend-2670-broadway-avenue
https://www.anytimemailbox.com/s/miami-1065-sw-8th-street
https://www.anytimemailbox.com/s/leland-1108-new-pointe-blvd
https://www.anytimemailbox.com/s/monroe-100-brooks-dr
https://www.anytimemailbox.com/s/memphis-849-jackson-ave
https://www.anytimemailbox.com/s/cornelius-19825-n-cove-rd
https://www.anytimemailbox.com/s/bridgewater-233-broad-street
https://www.anytimemailbox.com/s/boston-6-liberty-square
https://www.anytimemailbox.com/s/nottingham-7698-belair-road
https://www.anytimemailbox.com/s/cleveland-11811-shaker-blvd
https://www.anytimemailbox.com/s/rowland-heights-17480-colima-road
https://www.anytimemailbox.com/s/ooltewah-5032-ooltewah-ringgold-road
https://www.anytimemailbox.com/s/colorado-springs-6547-n-academy-blvd
https://www.anytimemailbox.com/s/modesto-2601-oakdale-road
https://www.anytimemailbox.com/s/moreno-valley-14910-perris-blvd
https://www.anytimemailbox.com/s/baton-rouge-9111-interline-avenue
https://www.anytimemailbox.com/s/sugar-land-11645-s-highway-6
https://www.anytimemailbox.com/s/seattle-600-1st-avenue
https://www.anytimemailbox.com/s/duluth-2730-peachtree-industrial-blvd
https://www.anytimemailbox.com/s/wayzata-1250-wayzata-blvd-east
https://www.anytimemailbox.com/s/brooklyn-3336-fulton-street
https://www.anytimemailbox.com/s/orangeburg-2251-magnolia-street
https://www.anytimemailbox.com/s/las-vegas-1421-n-jones-blvd
https://www.anytimemailbox.com/s/columbus-4519-woodruff-road
https://www.anytimemailbox.com/s/york-211-pauline-drive
https://www.anytimemailbox.com/s/leawood-11709-roe-avenue
https://www.anytimemailbox.com/s/windsor-heights-6611-university-ave
https://www.anytimemailbox.com/s/little-canada-2688-rice-st
https://www.anytimemailbox.com/s/houston-1880-s-dairy-ashford-road
https://www.anytimemailbox.com/s/san-antonio-2186-jackson-keller-road
https://www.anytimemailbox.com/s/menomonee-falls-n92-w17420-appleton-ave
https://www.anytimemailbox.com/s/los-angeles-3003-205-w-olympic-blvd
https://www.anytimemailbox.com/s/lanham-7375-executive-place
https://www.anytimemailbox.com/s/brooklyn-238-wilson-avenue
https://www.anytimemailbox.com/s/anaheim-1913-e-la-palma-ave
https://www.anytimemailbox.com/s/danville-52-e-main-street
https://www.anytimemailbox.com/s/phoenix-1141-e-glendale-avenue
https://www.anytimemailbox.com/s/los-alamitos-11278-los-alamitos-blvd
https://www.anytimemailbox.com/s/denver-1580-n-logan-street
https://www.anytimemailbox.com/s/los-angeles-835-wilshire-boulevard
https://www.anytimemailbox.com/s/st-louis-5850-macklind-avenue
https://www.anytimemailbox.com/s/princeton-2107-goldfinch-blvd
https://www.anytimemailbox.com/s/billings-821-n-27th-street
https://www.anytimemailbox.com/s/baton-rouge-440-3rd-street
https://www.anytimemailbox.com/s/mill-valley-35-miller-avenue
https://www.anytimemailbox.com/s/cumming-1400-market-place-blvd
https://www.anytimemailbox.com/s/hollister-351-san-felipe-road
https://www.anytimemailbox.com/s/lansing-3721-w-michigan-ave
https://www.anytimemailbox.com/s/salem-115-roanoke-blvd
https://www.anytimemailbox.com/s/oxnard-1000-town-center-drive
https://www.anytimemailbox.com/s/california-23415-three-notch-road
https://www.anytimemailbox.com/s/mckinney-7300-state-hwy-121
https://www.anytimemailbox.com/s/wichita-falls-902-broad-street
https://www.anytimemailbox.com/s/sarasota-5342-clark-road
https://www.anytimemailbox.com/s/boston-867-boylston-street
https://www.anytimemailbox.com/s/stone-mountain-971-n-hairston-road
https://www.anytimemailbox.com/s/st-petersburg-5519-park-street-north
https://www.anytimemailbox.com/s/miami-13727-sw-152nd-street
https://www.anytimemailbox.com/s/owings-mills-9722-groffs-mill-dr
https://www.anytimemailbox.com/s/joint-base-andrews-1811-g-street
https://www.anytimemailbox.com/s/truth-or-consequences-2585-s-broadway-street
https://www.anytimemailbox.com/s/knightdale-4033-village-park-drive
https://www.anytimemailbox.com/s/palmdale-550-w-rancho-vista-blvd
https://www.anytimemailbox.com/s/elyria-38513-chestnut-ridge-road
https://www.anytimemailbox.com/s/rusk-108-south-main-street
https://www.anytimemailbox.com/s/simpsonville-2607-woodruff-road
https://www.anytimemailbox.com/s/cheyenne-1501-south-greeley-hwy
https://www.anytimemailbox.com/s/waukee-731-se-alices-road
https://www.anytimemailbox.com/s/brooklyn-7811-5th-avenue
https://www.anytimemailbox.com/s/cleveland-11201-shaker-blvd
https://www.anytimemailbox.com/s/tulsa-3171-s-129th-e-avenue
https://www.anytimemailbox.com/s/greenbelt-6401-golden-triangle-drive
https://www.anytimemailbox.com/s/fairfax-3060-williams-drive
https://www.anytimemailbox.com/s/purcellville-609-e-main-street
https://www.anytimemailbox.com/s/miami-1697-nw-27th-ave
https://www.anytimemailbox.com/s/atlanta-1580-flat-shoals-road-se
https://www.anytimemailbox.com/s/las-vegas-10120-w-flamingo-road
https://www.anytimemailbox.com/s/portland-63-federal-street
https://www.anytimemailbox.com/s/holland-430-e-8th-street
https://www.anytimemailbox.com/s/portland-11918-se-division-street
https://www.anytimemailbox.com/s/knoxville-9234-kingston-pike
https://www.anytimemailbox.com/s/houston-3346-east-t-c-jester-blvd
https://www.anytimemailbox.com/s/missouri-city-10330-hwy-6
https://www.anytimemailbox.com/s/marysville-3182-gratiot-blvd
https://www.anytimemailbox.com/s/nashville-159-4th-ave-n
https://www.anytimemailbox.com/s/dallas-2231-singleton-blvd
https://www.anytimemailbox.com/s/las-vegas-6415-s-fort-apache-road
https://www.anytimemailbox.com/s/grants-pass-1051-ne-6th-street
https://www.anytimemailbox.com/s/fresno-6083-n-figarden-drive
https://www.anytimemailbox.com/s/gladstone-45-82nd-drive
https://www.anytimemailbox.com/s/honolulu-200-n-vineyard-blvd
https://www.anytimemailbox.com/s/long-island-city-3164-21st-street
https://www.anytimemailbox.com/s/houston-3707-cypress-creek-pkwy
https://www.anytimemailbox.com/s/gainesville-2551-limestone-pkwy
https://www.anytimemailbox.com/s/gunter-605-n-preston-road
https://www.anytimemailbox.com/s/los-angeles-1001-wilshire-boulevard
https://www.anytimemailbox.com/s/glendale-67-43-myrtle-ave
https://www.anytimemailbox.com/s/tampa-5005-w-laurel-street
https://www.anytimemailbox.com/s/palm-springs-4056-forest-hill-blvd
https://www.anytimemailbox.com/s/bloomingdale-360-w-schick-road
https://www.anytimemailbox.com/s/junction-city-1106-w-ash-street
https://www.anytimemailbox.com/s/san-diego-9984-scripps-ranch-blvd
https://www.anytimemailbox.com/s/elmhurst-643-n-york-street
https://www.anytimemailbox.com/s/metairie-609-metairie-road
https://www.anytimemailbox.com/s/smyrna-4499-s-cobb-drive-se
https://www.anytimemailbox.com/s/kansas-city-11312-e-44th-street
https://www.anytimemailbox.com/s/lincoln-3400-plantation-drive
https://www.anytimemailbox.com/s/ocala-1202-sw-17th-street
https://www.anytimemailbox.com/s/brooklyn-7214-new-utrecht-ave
https://www.anytimemailbox.com/s/charlotte-15025-lancaster-hwy
https://www.anytimemailbox.com/s/folsom-1750-prairie-city-road
https://www.anytimemailbox.com/s/douglasville-4813-ridge-road
https://www.anytimemailbox.com/s/clarksville-919-tiny-town-road
https://www.anytimemailbox.com/s/scottsdale-10105-e-via-linda
https://www.anytimemailbox.com/s/little-egg-harbor-112-giffordtown-lane
https://www.anytimemailbox.com/s/tucson-2114-w-grant-road
https://www.anytimemailbox.com/s/pleasanton-5424-sunol-blvd
https://www.anytimemailbox.com/s/chicago-1655-s-blue-island
https://www.anytimemailbox.com/s/brooklyn-631-4th-ave
https://www.anytimemailbox.com/s/citrus-heights-7451-auburn-blvd
https://www.anytimemailbox.com/s/brooklyn-1923-mcdonald-ave
https://www.anytimemailbox.com/s/jacksonville-391-carolina-forest-blvd
https://www.anytimemailbox.com/s/siloam-springs-1004-s-mt-olive-street
https://www.anytimemailbox.com/s/chandler-2820-s-alma-school-road
https://www.anytimemailbox.com/s/huntington-beach-18047-beach-blvd
https://www.anytimemailbox.com/s/conyers-1820-ga-highway-20-se
https://www.anytimemailbox.com/s/robbinsville-2360-route-33
https://www.anytimemailbox.com/s/farragut-11519-kingston-pike
https://www.anytimemailbox.com/s/bellingham-1050-larrabee-avenue
https://www.anytimemailbox.com/s/dallas-9041-garland-road
https://www.anytimemailbox.com/s/newnan-1741-newnan-crossing-blvd-e
https://www.anytimemailbox.com/s/pensacola-6901-n-9th-avenue
https://www.anytimemailbox.com/s/carson-city-3827-s-carson-street
https://www.anytimemailbox.com/s/jonesboro-361-southwest-drive
https://www.anytimemailbox.com/s/mansfield-1301-e-debbie-lane
https://www.anytimemailbox.com/s/round-rock-110-n-ih-35
https://www.anytimemailbox.com/s/bellevue-1915-140th-ave-ne
https://www.anytimemailbox.com/s/virginia-beach-3419-virginia-beach-blvd
https://www.anytimemailbox.com/s/college-park-5436-riverdale-road
https://www.anytimemailbox.com/s/las-vegas-5075d-s-pecos-road
https://www.anytimemailbox.com/s/watauga-6245-rufe-snow-drive
https://www.anytimemailbox.com/s/dallas-168-n-johnston-street
https://www.anytimemailbox.com/s/gainesville-1050-mcever-road
https://www.anytimemailbox.com/s/merrillville-5475-broadway
https://www.anytimemailbox.com/s/fort-wayne-10220-old-leo-road
https://www.anytimemailbox.com/s/hagerstown-5-public-square
https://www.anytimemailbox.com/s/monroe-1800-forsythe-avenue
https://www.anytimemailbox.com/s/zebulon-200-e-gannon-avenue
https://www.anytimemailbox.com/s/tinley-park-16649-oak-park-ave
https://www.anytimemailbox.com/s/plain-city-213-s-chillicothe-street
https://www.anytimemailbox.com/s/riverside-3870-la-sierra-ave
https://www.anytimemailbox.com/s/bakersfield-6077-coffee-road
https://www.anytimemailbox.com/s/dallas-13155-noel-road
https://www.anytimemailbox.com/s/southlake-1560-e-southlake-blvd
https://www.anytimemailbox.com/s/utica-1926-genesee-street
https://www.anytimemailbox.com/s/houston-2726-bissonnet-street
https://www.anytimemailbox.com/s/temple-2119--airport-road
https://www.anytimemailbox.com/s/buckeye-19580-west-indian-school-road
https://www.anytimemailbox.com/s/elk-grove-5650-whitelock-parkway
https://www.anytimemailbox.com/s/northridge-18543-devonshire-street
https://www.anytimemailbox.com/s/blairsville-178-bracketts-way
https://www.anytimemailbox.com/s/oak-park-137-n-oak-park-avenue
https://www.anytimemailbox.com/s/las-vegas-2375-e-tropicana-avenue
https://www.anytimemailbox.com/s/medford-122-e-main-street
https://www.anytimemailbox.com/s/aurora-18121-e-hampden-avenue
https://www.anytimemailbox.com/s/melbourne-4880-stack-blvd
https://www.anytimemailbox.com/s/rockville-402-king-farm-blvd
https://www.anytimemailbox.com/s/portland-3055-nw-yeon-avenue
https://www.anytimemailbox.com/s/long-beach-5107-beatline-road
https://www.anytimemailbox.com/s/lake-forest-825-s-waukegan-road
https://www.anytimemailbox.com/s/oceanside-4140-oceanside-blvd
https://www.anytimemailbox.com/s/bozeman-1800-s-22nd-avenue
https://www.anytimemailbox.com/s/chula-vista-750-otay-lakes-road
https://www.anytimemailbox.com/s/la-mesa-8697-la-mesa-blvd
https://www.anytimemailbox.com/s/leadville-518-harrison-avenue
https://www.anytimemailbox.com/s/sunrise-4543-n-pine-island-road
https://www.anytimemailbox.com/s/ann-arbor-200-s-1st-street
https://www.anytimemailbox.com/s/southfield-15700-w-10-mile-road
https://www.anytimemailbox.com/s/laconia-51-elm-street
https://www.anytimemailbox.com/s/eugene-4736-royal-avenue
https://www.anytimemailbox.com/s/republic-513-us-highway-60-east
https://www.anytimemailbox.com/s/highland-212-w-highland-road
https://www.anytimemailbox.com/s/pittsburgh-606-liberty-ave
https://www.anytimemailbox.com/s/antioch-5331-mt-view-road
https://www.anytimemailbox.com/s/austin-5000-plaza-on-the-lake
https://www.anytimemailbox.com/s/dallas-11816-inwood-road
https://www.anytimemailbox.com/s/dallas-3406-shorecrest-drive
https://www.anytimemailbox.com/s/round-rock-1000-heritage-center-circle
https://www.anytimemailbox.com/s/seattle-300-lenora-street
https://www.anytimemailbox.com/s/el-dorado-hills-3385-bass-lake-road
https://www.anytimemailbox.com/s/flowery-branch-5900-spout-springs-road
https://www.anytimemailbox.com/s/sarasota-935-n-beneva-road
https://www.anytimemailbox.com/s/west-melbourne-2903-west-new-haven-ave
https://www.anytimemailbox.com/s/ozone-park-10508-crossbay-blvd
https://www.anytimemailbox.com/s/melissa-3218-fannin-road
https://www.anytimemailbox.com/s/laurel-14502-greenview-drive
https://www.anytimemailbox.com/s/davidson-610-jetton-street
https://www.anytimemailbox.com/s/mableton-302-veterans-memorial-hwy-sw
https://www.anytimemailbox.com/s/kent-10803-se-kent-kangly-road
https://www.anytimemailbox.com/s/indianapolis-5699-e-71st-street
https://www.anytimemailbox.com/s/flossmoor-19710-governors-highway
https://www.anytimemailbox.com/s/rockville-11140-rockville-pike
https://www.anytimemailbox.com/s/rosharon-3233-meridiana-parkway
https://www.anytimemailbox.com/s/spanaway-22219-mountain-hwy-east
https://www.anytimemailbox.com/s/battle-creek-30-columbia-avenue-east
https://www.anytimemailbox.com/s/fort-worth-4364-western-center-blvd
https://www.anytimemailbox.com/s/bronx-2096-white-plains-road
https://www.anytimemailbox.com/s/lake-havasu-city-1850-mcculloch-blvd-n
https://www.anytimemailbox.com/s/newark-35111f-newark-blvd
https://www.anytimemailbox.com/s/little-falls-463-main-street
https://www.anytimemailbox.com/s/new-york-152-e-118th-st
https://www.anytimemailbox.com/s/charlotte-227-w-4th-street
https://www.anytimemailbox.com/s/orlando-626-n-alafaya-trail
https://www.anytimemailbox.com/s/san-diego-4967-newport-avenue
https://www.anytimemailbox.com/s/grand-rapids-1971-e-beltline-avenue
https://www.anytimemailbox.com/s/philadelphia-3131-n-broad-st
https://www.anytimemailbox.com/s/elizabethtown-207-towne-drive
https://www.anytimemailbox.com/s/melville-445-broad-hollow-road
https://www.anytimemailbox.com/s/dallas-5931-greenville-avenue
https://www.anytimemailbox.com/s/frisco-5570-fm-423
https://www.anytimemailbox.com/s/atlanta-600-w-peachtree-st-nw
https://www.anytimemailbox.com/s/saint-joseph-4797-sienna-dr
https://www.anytimemailbox.com/s/jersey-city-217-summit-ave
https://www.anytimemailbox.com/s/houston-1337-west-43rd-street
https://www.anytimemailbox.com/s/irvine-15415-jeffrey-road
https://www.anytimemailbox.com/s/miami-28-w-flagler-street
https://www.anytimemailbox.com/s/san-dimas-301-east-arrow-highway
https://www.anytimemailbox.com/s/clatyon-921-town-centre-blvd
https://www.anytimemailbox.com/s/spring-18553-kuykendahl-road
https://www.anytimemailbox.com/s/chicago-6641-belmont-avenue
https://www.anytimemailbox.com/s/bethany-7916-nw-23rd-street
https://www.anytimemailbox.com/s/laguna-beach-1278-glenneyre
https://www.anytimemailbox.com/s/oxford-506-granville-corners
https://www.anytimemailbox.com/s/bethlehem-1-e-broad-street
https://www.anytimemailbox.com/s/chicago-332-s-michigan-avenue
https://www.anytimemailbox.com/s/dallas-701-commerce-street
https://www.anytimemailbox.com/s/denver-6400-s-fiddlers-green-circle
https://www.anytimemailbox.com/s/san-antonio-1846-n-loop-1604-w
https://www.anytimemailbox.com/s/tyler-4097-us-hwy-271
https://www.anytimemailbox.com/s/tigard-11575-sw-pacific-hwy
https://www.anytimemailbox.com/s/new-orleans-627-opelousas-avenue
https://www.anytimemailbox.com/s/covina-212-e-rowland-street
https://www.anytimemailbox.com/s/glendora-425-e-arrow-hwy
https://www.anytimemailbox.com/s/katy-25675-nelson-way
https://www.anytimemailbox.com/s/philadelphia-632-n-2nd-street
https://www.anytimemailbox.com/s/henderson-209-s-stephanie-street
https://www.anytimemailbox.com/s/orlando-10226-curry-ford-road
https://www.anytimemailbox.com/s/roxboro-4130-durham-road
https://www.anytimemailbox.com/s/edinburg-3326-s-business-hwy-281
https://www.anytimemailbox.com/s/houston-3040-farm-to-market-road-1960-e
https://www.anytimemailbox.com/s/douglas-512-s-peterson-avenue
https://www.anytimemailbox.com/s/hackettstown-470-schooleys-mountain-road
https://www.anytimemailbox.com/s/springfield-5729-main-street
https://www.anytimemailbox.com/s/philadelphia-701-e-cathedral-road
https://www.anytimemailbox.com/s/ripon-117-watson-street
https://www.anytimemailbox.com/s/soddy-daisy-124-harrison-lane
https://www.anytimemailbox.com/s/stone-mountain-957-main-street
https://www.anytimemailbox.com/s/bakersfield-3424-stine-road
https://www.anytimemailbox.com/s/columbia-6325-woodside-court
https://www.anytimemailbox.com/s/mcallen-4121-n-10th-street
https://www.anytimemailbox.com/s/bluffton-30-plantation-park-drive
https://www.anytimemailbox.com/s/dublin-4101-dublin-blvd
https://www.anytimemailbox.com/s/edmond-820-w-danforth-road
https://www.anytimemailbox.com/s/carlsbad-2011-palomar-airport-road
https://www.anytimemailbox.com/s/sacramento-5960-south-land-park-drive
https://www.anytimemailbox.com/s/cedar-rapids-5249-north-park-place-ne
https://www.anytimemailbox.com/s/bartonville-2650-fm-407-e
https://www.anytimemailbox.com/s/dallas-2807-allen-street
https://www.anytimemailbox.com/s/las-vegas-3859-s-valley-view-blvd
https://www.anytimemailbox.com/s/san-diego-13223-black-mountain-road
https://www.anytimemailbox.com/s/pensacola-120-chiefs-way
https://www.anytimemailbox.com/s/stockbridge-909-eagles-landing-pkwy
https://www.anytimemailbox.com/s/wellington-9314-forest-hill-blvd
https://www.anytimemailbox.com/s/gaithersburg-18310-montgomery-village-avenue
https://www.anytimemailbox.com/s/thomasville-50-e-main-street
https://www.anytimemailbox.com/s/chandler-1820-e-ray-road
https://www.anytimemailbox.com/s/cedar-park-1320-arrow-point-drive
https://www.anytimemailbox.com/s/san-antonio-500-navarro-street
https://www.anytimemailbox.com/s/rockford-5970-e-state-street
https://www.anytimemailbox.com/s/lakewood-ranch-8130-lakewood-main-street
https://www.anytimemailbox.com/s/columbia-1901-main-street
https://www.anytimemailbox.com/s/saint-cloud-1427-belladonna-place
https://www.anytimemailbox.com/s/austin-2900-n-quinlan-park-road
https://www.anytimemailbox.com/s/winter-haven-110-spirit-lake-road
https://www.anytimemailbox.com/s/spokane-12128-n-division-street
https://www.anytimemailbox.com/s/fajardo-410-avenida-montesol
https://www.anytimemailbox.com/s/dallas-13355-noel-road
https://www.anytimemailbox.com/s/antioch-3377-deer-valley-road
https://www.anytimemailbox.com/s/campbell-2100-s-bascom-avenue
https://www.anytimemailbox.com/s/henderson-2880-bicentennial-parkway
https://www.anytimemailbox.com/s/san-diego-4231-balboa-avenue
https://www.anytimemailbox.com/s/jackson-n168-w20379-main-street
https://www.anytimemailbox.com/s/longmont-1079-s-hover-street
https://www.anytimemailbox.com/s/dallas-13101-preston-road
https://www.anytimemailbox.com/s/houston-3840-s-dairy-ashford-road
https://www.anytimemailbox.com/s/beaverton-2850-sw-cedar-hills-blvd
https://www.anytimemailbox.com/s/tucson-2900-e-broadway-blvd
https://www.anytimemailbox.com/s/irvine-17595-harvard-avenue
https://www.anytimemailbox.com/s/angola-408-n-wayne-st
https://www.anytimemailbox.com/s/atlanta-4395-fulton-industrial-blvd-sw
https://www.anytimemailbox.com/s/palm-springs-3329-s-congress-avenue
https://www.anytimemailbox.com/s/troy-801-w-big-beaver-road
https://www.anytimemailbox.com/s/bronx-1451-west-avenue
https://www.anytimemailbox.com/s/las-vegas-3009-hawksdale-drive
https://www.anytimemailbox.com/s/middletown-22-e-main-street
https://www.anytimemailbox.com/s/milpitas-1765-landess-avenue
https://www.anytimemailbox.com/s/scottsdale-15560-n-frank-lloyd-wright
https://www.anytimemailbox.com/s/phoenix-18402-n-19th-avenue
https://www.anytimemailbox.com/s/north-hollywood-4821-lankershim-blvd
https://www.anytimemailbox.com/s/escondido-1835-s-centre-city-pkwy
https://www.anytimemailbox.com/s/newburgh-8437-bell-oaks-drive
https://www.anytimemailbox.com/s/orange-655-s-main-street
https://www.anytimemailbox.com/s/poway-13446-poway-rd
https://www.anytimemailbox.com/s/batavia-1921-w-wilson-street
https://www.anytimemailbox.com/s/harbor-city-970-sepulveda-blvd
https://www.anytimemailbox.com/s/new-orleans-601-poydras-street
https://www.anytimemailbox.com/s/brooklyn-223-bedford-avenue
https://www.anytimemailbox.com/s/knoxville-7741-s-northshore-drive
https://www.anytimemailbox.com/s/fort-worth-2833-crockett-street
https://www.anytimemailbox.com/s/hurst-811-w-pipeline-road
https://www.anytimemailbox.com/s/spring-5667-treaschwig-road
https://www.anytimemailbox.com/s/las-vegas-7198-golden-acre-ave
https://www.anytimemailbox.com/s/las-vegas-8635-w-sahara-avenue
https://www.anytimemailbox.com/s/budd-lake-98-us-highway-46
https://www.anytimemailbox.com/s/elgin-244-s-randall-road
https://www.anytimemailbox.com/s/san-diego-12463-rancho-bernardo-rd
https://www.anytimemailbox.com/s/phoenix-4747-e-elliot-road
https://www.anytimemailbox.com/s/tinton-falls-106-apple-street
https://www.anytimemailbox.com/s/forney-425-pinson-road
https://www.anytimemailbox.com/s/bel-air-651-n-sepulveda-blvd
https://www.anytimemailbox.com/s/kansas-city-4050-pennsylvania-avenue
https://www.anytimemailbox.com/s/columbia-652-bush-river-road
https://www.anytimemailbox.com/s/rowlett-3526-lakeview-parkway
https://www.anytimemailbox.com/s/ephrata-848-e-main-street
https://www.anytimemailbox.com/s/verona-200-e-verona-avenue
https://www.anytimemailbox.com/s/ann-arbor-2370-e-stadium-blvd
https://www.anytimemailbox.com/s/tomball-11425-hufsmith-kuykendahl-road
https://www.anytimemailbox.com/s/edmond-3033-nw-178th-street
https://www.anytimemailbox.com/s/tampa-2780-e-fowler-avenue
https://www.anytimemailbox.com/s/pearland-5205-broadway
https://www.anytimemailbox.com/s/irving-4020-n-macarthur-blvd
https://www.anytimemailbox.com/s/new-orleans-201-st-charles-avenue
https://www.anytimemailbox.com/s/scottsdale-9393-n-90th-street
https://www.anytimemailbox.com/s/sinking-spring-4712-penn-avenue
https://www.anytimemailbox.com/s/conroe-1111-fm-1485
https://www.anytimemailbox.com/s/seattle-7511-greenwood-avenue-north
https://www.anytimemailbox.com/s/phoenix-13236-n-7th-street
https://www.anytimemailbox.com/s/miami-111-ne-1st-street
https://www.anytimemailbox.com/s/tipp-city-140-e-broadway-avenue
https://www.anytimemailbox.com/s/san-diego-3960-west-point-loma-blvd
https://www.anytimemailbox.com/s/hyde-park-3979-albany-post-road
https://www.anytimemailbox.com/s/lexington-955-e-main-street
https://www.anytimemailbox.com/s/kealakekua-81--6629-hawaii-belt-rd
https://www.anytimemailbox.com/s/dawsonville-258-beartooth-pkwy
https://www.anytimemailbox.com/s/austin-9901-brodie-lane
https://www.anytimemailbox.com/s/benbrook-9463-hwy-377
https://www.anytimemailbox.com/s/bethlehem-1349-lynn-avenue
https://www.anytimemailbox.com/s/north-las-vegas-6462-losee-road
https://www.anytimemailbox.com/s/tucson-6700-e-speedway-blvd
https://www.anytimemailbox.com/s/lafayette-5520-johnston-street
https://www.anytimemailbox.com/s/billings-100-24th-street-west
https://www.anytimemailbox.com/s/newport-2226-n-coast-hwy
https://www.anytimemailbox.com/s/tulsa-4785-e-91st-street
https://www.anytimemailbox.com/s/columbia-6729-two-notch-road
https://www.anytimemailbox.com/s/hilliard-2606-hilliard-rome-road
https://www.anytimemailbox.com/s/niceville-4516-e-highway-20
https://www.anytimemailbox.com/s/nesconset-279-smithtown-blvd
https://www.anytimemailbox.com/s/antioch-4464-lone-tree-way
https://www.anytimemailbox.com/s/gainesville-3640-mundy-mill-road
https://www.anytimemailbox.com/s/kingwood-4321-kingwood-drive
https://www.anytimemailbox.com/s/marlborough-11-apex-drive
https://www.anytimemailbox.com/s/richardson-1318-e-belt-line-road
https://www.anytimemailbox.com/s/bellingham-424-w-bakerview-road
https://www.anytimemailbox.com/s/dallas-4131-n-central-expressway
https://www.anytimemailbox.com/s/cary-12218-bradford-green-sq
https://www.anytimemailbox.com/s/hermitage-5510-old-hickory-blvd
https://www.anytimemailbox.com/s/vancouver-13215-se-mill-plain-blvd
https://www.anytimemailbox.com/s/brooklyn-5504-13th-ave
https://www.anytimemailbox.com/s/las-vegas-9101-w-sahara-avenue
https://www.anytimemailbox.com/s/red-lion-3151-cape-horn-road
https://www.anytimemailbox.com/s/benton-601-kingston-road
https://www.anytimemailbox.com/s/lubbock-6819-82nd-street
https://www.anytimemailbox.com/s/larchmont-1940-palmer-avenue
https://www.anytimemailbox.com/s/dallas-3225-martin-luther-king-blvd
https://www.anytimemailbox.com/s/new-kent-7181-cress-ct
https://www.anytimemailbox.com/s/laurel-8101-sandy-spring-road
https://www.anytimemailbox.com/s/auburn-9-n-river-road
https://www.anytimemailbox.com/s/sammamish-3020-issaquah-pine-lake-rd-se
https://www.anytimemailbox.com/s/waller-31390-fm-2920-road
https://www.anytimemailbox.com/s/wickenburg-340-w-wickenburg-way
https://www.anytimemailbox.com/s/lanham-4500-forbes-blvd
https://www.anytimemailbox.com/s/grafton-361-falls-road
https://www.anytimemailbox.com/s/menifee-28005-bradley-road
https://www.anytimemailbox.com/s/timonium-2219-york-road
https://www.anytimemailbox.com/s/las-vegas-2510-e-sunset-road
https://www.anytimemailbox.com/s/durham-506-ramseur-street
https://www.anytimemailbox.com/s/carrollton-1846-e-rosemeade-pkwy
https://www.anytimemailbox.com/s/dallas-3917-w-camp-wisdom-road
https://www.anytimemailbox.com/s/burbank-3727-w-magnolia-blvd
https://www.anytimemailbox.com/s/houston-12436-farm-to-market-1960-road-w
https://www.anytimemailbox.com/s/league-city-6011-w-main-street
https://www.anytimemailbox.com/s/marriott-slaterville-517-n-2000-w
https://www.anytimemailbox.com/s/mill-creek-13300-bothell-everett-hwy
https://www.anytimemailbox.com/s/lumberton-95b-w-chance-road
https://www.anytimemailbox.com/s/denver-1312-17th-street
https://www.anytimemailbox.com/s/garden-grove-12534-valley-view-street
https://www.anytimemailbox.com/s/highland-12603-state-route-143
https://www.anytimemailbox.com/s/fair-oaks-5430-dewey-drive
https://www.anytimemailbox.com/s/detroit-2785-e-grand-blvd
https://www.anytimemailbox.com/s/scranton-219-north-main-avenue
https://www.anytimemailbox.com/s/hendersonville-224-thompson-street
https://www.anytimemailbox.com/s/portland-10350-n-vancouver-way
https://www.anytimemailbox.com/s/dallas-8080-north-central-expressway
https://www.anytimemailbox.com/s/spring-6710-spring-stuebner-road
https://www.anytimemailbox.com/s/melbourne-575-s-wickham-road
https://www.anytimemailbox.com/s/bel-air-1443-rock-spring-road
https://www.anytimemailbox.com/s/towson-200-washington-ave
https://www.anytimemailbox.com/s/south-orange-4-s-orange-avenue
https://www.anytimemailbox.com/s/longview-2309-gilmer-road
https://www.anytimemailbox.com/s/san-francisco-2021-fillmore-street
https://www.anytimemailbox.com/s/encino-16060-ventura-blvd
https://www.anytimemailbox.com/s/tulsa-430-s-yale-avenue
https://www.anytimemailbox.com/s/long-island-city-44-70-21st-street
https://www.anytimemailbox.com/s/el-paso-7362-remcon-circle
https://www.anytimemailbox.com/s/cypress-12320-barker-cypress-road
https://www.anytimemailbox.com/s/chicago-605-n-michigan-ave
https://www.anytimemailbox.com/s/margate-3200-nw-62nd-ave
https://www.anytimemailbox.com/s/stonewall-671-highway-171
https://www.anytimemailbox.com/s/kingston-8-n-front-street
https://www.anytimemailbox.com/s/new-city-3-e-evergreen-road
https://www.anytimemailbox.com/s/westerville-7385-state-rt-3
https://www.anytimemailbox.com/s/allen-1314-w-mcdermott-drive
https://www.anytimemailbox.com/s/melbourne-754-n-apollo-blvd
https://www.anytimemailbox.com/s/gaithersburg-267-kentlands-blvd
https://www.anytimemailbox.com/s/philadelphia-1401-e-bristol-street
https://www.anytimemailbox.com/s/denver-383-corona-street
https://www.anytimemailbox.com/s/huntersville-9911-rose-commons-drive
https://www.anytimemailbox.com/s/greenwood-village-8400-e-crescent-pkwy
https://www.anytimemailbox.com/s/palo-alto-3790-el-camino-real
https://www.anytimemailbox.com/s/shorewood-1147-brook-forest-avenue
https://www.anytimemailbox.com/s/burlington-1183-university-drive
https://www.anytimemailbox.com/s/cleveland-17325-euclid-avenue
https://www.anytimemailbox.com/s/dayton-38-w-franklin-street
https://www.anytimemailbox.com/s/arden-4-long-shoals-road
https://www.anytimemailbox.com/s/marcus-hook-24-east-10th-street
https://www.anytimemailbox.com/s/houston-2470-s-dairy-ashford-road
https://www.anytimemailbox.com/s/huntingdon-valley-908-henrietta-ave
https://www.anytimemailbox.com/s/billings-3031-grand-ave
https://www.anytimemailbox.com/s/ithaca-704-w-buffalo-st
https://www.anytimemailbox.com/s/chicago-73-w-monroe-street
https://www.anytimemailbox.com/s/strongsville-14616-pearl-road
https://www.anytimemailbox.com/s/milwaukee-790-n-milwaukee-street
https://www.anytimemailbox.com/s/berkeley-2991-sacramento-street
https://www.anytimemailbox.com/s/chowchilla-500-robertson-blvd
https://www.anytimemailbox.com/s/rockville-1451-rockville-pike
https://www.anytimemailbox.com/s/panama-city-950-promenade-street
https://www.anytimemailbox.com/s/lombard-422-s-main-street
https://www.anytimemailbox.com/s/arlington-4025-woodland-park-blvd
https://www.anytimemailbox.com/s/seattle-2442-nw-market-street
https://www.anytimemailbox.com/s/vero-beach-505-beachland-blvd
https://www.anytimemailbox.com/s/minneapolis-331-2nd-ave-s
https://www.anytimemailbox.com/s/anaheim-1720-w-ball-road
https://www.anytimemailbox.com/s/lakeland-304-e-pine-street
https://www.anytimemailbox.com/s/huntington-beach-19744-beach-blvd
https://www.anytimemailbox.com/s/dana-point-32565-golden-lantern-street
https://www.anytimemailbox.com/s/rancho-santa-margarita-31441-santa-margarita-pkwy
https://www.anytimemailbox.com/s/dunwoody-5579-chamblee-dunwoody-road
https://www.anytimemailbox.com/s/bronx-1490-crotona-park-e
https://www.anytimemailbox.com/s/fort-worth-3115-erie-street
https://www.anytimemailbox.com/s/denver-1800-wazee-street
https://www.anytimemailbox.com/s/glasgow-625-sl-rogers-wells-blvd
https://www.anytimemailbox.com/s/los-angeles-4900-s-vermont-ave
https://www.anytimemailbox.com/s/fort-worth-3000-s-hulen-street
https://www.anytimemailbox.com/s/richmond-1270-crabb-river-road
https://www.anytimemailbox.com/s/elverson-210-crossings-blvd
https://www.anytimemailbox.com/s/tomball-27708-tomball-pkwy
https://www.anytimemailbox.com/s/west-valley-2943-parkway-blvd
https://www.anytimemailbox.com/s/new-orleans-3436-magazine-street
https://www.anytimemailbox.com/s/riverdale-6811-kenilworth-avenue
https://www.anytimemailbox.com/s/new-york-954-lexington-avenue
https://www.anytimemailbox.com/s/san-juan-220-calle-manuel-domenech
https://www.anytimemailbox.com/s/san-francisco-584-castro-street
https://www.anytimemailbox.com/s/warresnburg-540-e-young-ave
https://www.anytimemailbox.com/s/beverly-hills-415-north-camden-drive
https://www.anytimemailbox.com/s/lincoln-1201-o-street
https://www.anytimemailbox.com/s/san-francisco-2549-irving-street
https://www.anytimemailbox.com/s/san-diego-415-laurel-street
https://www.anytimemailbox.com/s/slidell-330-oak-harbor-blvd
https://www.anytimemailbox.com/s/bronx-3010-eastchester-road
https://www.anytimemailbox.com/s/atlanta-300-peachtree-street-ne
https://www.anytimemailbox.com/s/lexington-996-e-new-circle-road
https://www.anytimemailbox.com/s/bedford-2113-harwood-road
https://www.anytimemailbox.com/s/fremont-3654-thornton-avenue
https://www.anytimemailbox.com/s/jackson-802-north-street
https://www.anytimemailbox.com/s/biloxi-296-beauvoir-road
https://www.anytimemailbox.com/s/rockford-2205-s-perryville-road
https://www.anytimemailbox.com/s/lexington-952-winchester-road
https://www.anytimemailbox.com/s/new-york-459-columbus-avenue
https://www.anytimemailbox.com/s/baxley-680-s-main-street
https://www.anytimemailbox.com/s/fort-mill-2764-pleasant-road
https://www.anytimemailbox.com/s/grand-rapids-6757-cascade-road-se
https://www.anytimemailbox.com/s/portland-4784-n-lombard-street
https://www.anytimemailbox.com/s/brooklyn-540-court-street
https://www.anytimemailbox.com/s/lexington-5175-sunset-boulevard
https://www.anytimemailbox.com/s/brentwood-6688-nolensville-road
https://www.anytimemailbox.com/s/webster-3118-fm-528-road
https://www.anytimemailbox.com/s/healdsburg-445-center-street
https://www.anytimemailbox.com/s/colorado-springs-11590-ridgeline-drive
https://www.anytimemailbox.com/s/hackettstown-78-main-street
https://www.anytimemailbox.com/s/copiague-903-montauk-highway
https://www.anytimemailbox.com/s/grand-rapids-6670-kalamazoo-ave-se
https://www.anytimemailbox.com/s/houston-1940-fountain-view-drive
https://www.anytimemailbox.com/s/san-diego-1050-university-avenue
https://www.anytimemailbox.com/s/north-miami-12864-biscayne-blvd
https://www.anytimemailbox.com/s/cottonwood-shores-4315-w-fm2147
https://www.anytimemailbox.com/s/clovis-120-e-grand-avenue
https://www.anytimemailbox.com/s/indianapolis-9105-e-56th-st
https://www.anytimemailbox.com/s/philadelphia-7311-oxford-avenue
https://www.anytimemailbox.com/s/dallas-10228-east-northwest-hwy
https://www.anytimemailbox.com/s/katy-2340-texas-heritage-pkwy
https://www.anytimemailbox.com/s/slidell-753-robert-blvd
https://www.anytimemailbox.com/s/ann-arbor-4860-washtenaw-avenue
https://www.anytimemailbox.com/s/las-vegas-8465-w-sahara-ave
https://www.anytimemailbox.com/s/katy-515-s-fry-road
https://www.anytimemailbox.com/s/vancouver-13023-ne-hwy-99
https://www.anytimemailbox.com/s/naples-2220-logan-blvd-north
https://www.anytimemailbox.com/s/lexington-449-e-nelson-street
https://www.anytimemailbox.com/s/concord-350-george-w-liles-pkwy-nw
https://www.anytimemailbox.com/s/granbury-307-w-pearl-st
https://www.anytimemailbox.com/s/beverly-hills-9903-south-santa-monica-blvd
https://www.anytimemailbox.com/s/memphis-4466-elvis-presley-blvd
https://www.anytimemailbox.com/s/cumming-2860-old-atlanta-rd
https://www.anytimemailbox.com/s/cypress-8102-fry-road
https://www.anytimemailbox.com/s/danville-3494-camino-tassajara
https://www.anytimemailbox.com/s/orlando-2445-s-hiawassee-road
https://www.anytimemailbox.com/s/phoenix-10810-n-tatum-blvd
https://www.anytimemailbox.com/s/chester-530-e-main-street
https://www.anytimemailbox.com/s/shelburne-145-pine-haven-shores-road
https://www.anytimemailbox.com/s/raytown-5542-raytown-road
https://www.anytimemailbox.com/s/madison-300-main-street
https://www.anytimemailbox.com/s/wichita-216-n-mosley-street
https://www.anytimemailbox.com/s/henderson-100-south-garnett-street
https://www.anytimemailbox.com/s/raleigh-4454-fayetteville-road
https://www.anytimemailbox.com/s/helena-1827-11th-avenue
https://www.anytimemailbox.com/s/portland-3439-se-hawthorne-blvd
https://www.anytimemailbox.com/s/dallas-3839-mckinney-avenue
https://www.anytimemailbox.com/s/chula-vista-1741-eastlake-parkway
https://www.anytimemailbox.com/s/new-york-2196-third-avenue
https://www.anytimemailbox.com/s/laurens-328-hillcrest-drive
https://www.anytimemailbox.com/s/houston-12645-memorial-drive
https://www.anytimemailbox.com/s/orlando-5764-n-orange-blossom-trail
https://www.anytimemailbox.com/s/las-vegas-8565-s-eastern-ave
https://www.anytimemailbox.com/s/clemmons-6255-towncenter-drive
https://www.anytimemailbox.com/s/macedonia-8210-macedonia-commons-blvd
https://www.anytimemailbox.com/s/breaux-bridge-1811-rees-street
https://www.anytimemailbox.com/s/belleville-5343-belleville-crossing-street
https://www.anytimemailbox.com/s/beaverton-14845-sw-murray-scholls-drive
https://www.anytimemailbox.com/s/sioux-falls-112-south-main-avenue
https://www.anytimemailbox.com/s/memphis-1674-delano-avenue
https://www.anytimemailbox.com/s/san-marcos-1101-thorpe-lane
https://www.anytimemailbox.com/s/greer-1309-w-poinsett-street
https://www.anytimemailbox.com/s/whitefish-6479-us-hwy-93-s
https://www.anytimemailbox.com/s/burbank-145-s-glenoaks-blvd
https://www.anytimemailbox.com/s/st-george-2505-s-river-road
https://www.anytimemailbox.com/s/laplace-948-cambridge-drive
https://www.anytimemailbox.com/s/philadelphia-7244-castor-avenue
https://www.anytimemailbox.com/s/plainfield-108-watchung-avenue
https://www.anytimemailbox.com/s/jurupa-valley-9036-mission-blvd
https://www.anytimemailbox.com/s/livonia-16998-middlebelt-road
https://www.anytimemailbox.com/s/waltham-280-moody-street
https://www.anytimemailbox.com/s/columbus-1985-w-henderson-road
https://www.anytimemailbox.com/s/flower-mound-2450-lakeside-pkwy
https://www.anytimemailbox.com/s/live-oak-12702-toepperwein-road
https://www.anytimemailbox.com/s/atlanta-6595-roswell-road
https://www.anytimemailbox.com/s/dayton-4155-rhea-county-hwy
https://www.anytimemailbox.com/s/bend-1900-ne-3rd-street
https://www.anytimemailbox.com/s/the-woodlands-2001-temberloch-place
https://www.anytimemailbox.com/s/star-200-n-highbrook-way
https://www.anytimemailbox.com/s/akron-839-e-market-street
https://www.anytimemailbox.com/s/fort-worth-4455-camp-bowie-blvd
https://www.anytimemailbox.com/s/tacoma-1712-6th-ave
https://www.anytimemailbox.com/s/southfield-24225-w-9-mile-road
https://www.anytimemailbox.com/s/uniontown-3939-massillon-rd
https://www.anytimemailbox.com/s/iowa-city-1566-s-gilbert-street
https://www.anytimemailbox.com/s/elizabeth-1077-north-avenue
https://www.anytimemailbox.com/s/scottsburg-1609-w-mcclain-avenue
https://www.anytimemailbox.com/s/lake-oswego-3-monroe-pkwy
https://www.anytimemailbox.com/s/mission-viejo-27758-santa-margarita-pkwy
https://www.anytimemailbox.com/s/mt-juliet-11205-lebanon-road
https://www.anytimemailbox.com/s/edgewater-64-w-central-avenue
https://www.anytimemailbox.com/s/los-angeles-3680-wilshire-blvd
https://www.anytimemailbox.com/s/patchogue-83-s-ocean-ave
https://www.anytimemailbox.com/s/bee-cave-12600-hill-country-blvd
https://www.anytimemailbox.com/s/cypress-8190-barker-cypress-road
https://www.anytimemailbox.com/s/north-branch-38868-12th-avenue
https://www.anytimemailbox.com/s/mckinney-3001-s-hardin-blvd
https://www.anytimemailbox.com/s/bozeman-40-spanish-peak-drive
https://www.anytimemailbox.com/s/grand-rapids-950-28th-street-se
https://www.anytimemailbox.com/s/franklin-7127-s-76th-st
https://www.anytimemailbox.com/s/jersey-city-1078-summit-avenue
https://www.anytimemailbox.com/s/charlotte-5820-e-wt-harris-blvd
https://www.anytimemailbox.com/s/palm-desert-74924-country-club-drive
https://www.anytimemailbox.com/s/columbia-8850-stanford-blvd
https://www.anytimemailbox.com/s/perris-75-w-nuevo-road
https://www.anytimemailbox.com/s/orlando-3564-avalon-park-e-blvd
https://www.anytimemailbox.com/s/austin-14205-n-mopac-expy
https://www.anytimemailbox.com/s/austin-6800-west-gate-blvd
https://www.anytimemailbox.com/s/madison-345-w-washington-ave
https://www.anytimemailbox.com/s/las-vegas-8414-w-farm-road
https://www.anytimemailbox.com/s/memphis-1707-winchester-road
https://www.anytimemailbox.com/s/dallas-9575-scyene-road
https://www.anytimemailbox.com/s/seattle-12345-lake-city-way-ne
https://www.anytimemailbox.com/s/los-angeles-6709-la-tijera-blvd
https://www.anytimemailbox.com/s/spanish-fork-826-expressway-lane
https://www.anytimemailbox.com/s/houston-957-nasa-pkwy
https://www.anytimemailbox.com/s/ottumwa-619-church-street
https://www.anytimemailbox.com/s/springfield-1666-main-street
https://www.anytimemailbox.com/s/bellingham-1780-iowa-street
https://www.anytimemailbox.com/s/newport-beach-301-bayview-circle
https://www.anytimemailbox.com/s/fairburn-6000-lynmark-way
https://www.anytimemailbox.com/s/encino-4924-balboa-blvd
https://www.anytimemailbox.com/s/astoria-3811-ditmars-blvd
https://www.anytimemailbox.com/s/phoenix-12621-n-tatum-blvd
https://www.anytimemailbox.com/s/reedley-587-i-street
https://www.anytimemailbox.com/s/baltimore-6340-security-blvd
https://www.anytimemailbox.com/s/cypress-13121-louetta-road
https://www.anytimemailbox.com/s/lakewood-98-wadsworth-blvd
https://www.anytimemailbox.com/s/mesa-1155-s-power-road
https://www.anytimemailbox.com/s/puyallup-5614-176th-st-east
https://www.anytimemailbox.com/s/fort-wayne-6435-w-jefferson-blvd
https://www.anytimemailbox.com/s/greenwood-village-7350-e-progress-place
https://www.anytimemailbox.com/s/fresno-3025-w-shaw-avenue
https://www.anytimemailbox.com/s/lafayette-2865-ambassador-caffery-pkwy
https://www.anytimemailbox.com/s/eugene-1292-high-street
https://www.anytimemailbox.com/s/morristown-463-crockett-trace-dr
https://www.anytimemailbox.com/s/katy-2750-fm-1463
https://www.anytimemailbox.com/s/greensboro-701-green-valley-road
https://www.anytimemailbox.com/s/saint-paul-2136-ford-parkway
https://www.anytimemailbox.com/s/mustang-210-n-mustang-mall-terrace
https://www.anytimemailbox.com/s/brownstown-20767-gibraltar-road
https://www.anytimemailbox.com/s/littleton-2679-w-main-street
https://www.anytimemailbox.com/s/bronx-1223-east-233rd-street
https://www.anytimemailbox.com/s/concord-township-7554-fredle-drive
https://www.anytimemailbox.com/s/new-orleans-141-allen-toussaint-blvd
https://www.anytimemailbox.com/s/washington-412-e-washington-avenue
https://www.anytimemailbox.com/s/malibu-30745-pacific-coast-hwy
https://www.anytimemailbox.com/s/las-vegas-8400-west-sunset-road
https://www.anytimemailbox.com/s/canadain-313-main-street
https://www.anytimemailbox.com/s/madison-939-south-park-street
https://www.anytimemailbox.com/s/houston-134-vintage-park-blvd
https://www.anytimemailbox.com/s/round-lake-beach-524-e-rollins-road
https://www.anytimemailbox.com/s/frederick-1209-north-east-street
https://www.anytimemailbox.com/s/bronx-3630-white-plains-road
https://www.anytimemailbox.com/s/dallas-10820-composite-drive
https://www.anytimemailbox.com/s/miami-13754-sw-84th-street
https://www.anytimemailbox.com/s/middletown-100-middletown-parkway
https://www.anytimemailbox.com/s/houston-1942-w-gray-street
https://www.anytimemailbox.com/s/camden-179-w-main-street
https://www.anytimemailbox.com/s/oakland-park-1326-e-commercial-blvd
https://www.anytimemailbox.com/s/arlington-heights-1630-s-princeton-avenue
https://www.anytimemailbox.com/s/lake-forest-22365-el-toro-road
https://www.anytimemailbox.com/s/los-angeles-3705-w-pico-blvd
https://www.anytimemailbox.com/s/cumming-415-peachtree-pkwy
https://www.anytimemailbox.com/s/west-palm-beach-700-s-rosemary-ave
https://www.anytimemailbox.com/s/brunswick-589-palisade-drive
https://www.anytimemailbox.com/s/new-york-719-2nd-avenue
https://www.anytimemailbox.com/s/st-petersburg-3110-1st-avenue-north
https://www.anytimemailbox.com/s/simpsonville-211-n-main-street
https://www.anytimemailbox.com/s/cleveland-15728-lorain-avenue
https://www.anytimemailbox.com/s/cypress-11702-grant-road
https://www.anytimemailbox.com/s/houston-6065-hillcroft-street
https://www.anytimemailbox.com/s/irving-801-n-oconnor-road
https://www.anytimemailbox.com/s/pine-brook-330-changebridge-road
https://www.anytimemailbox.com/s/mansfield-1671-e-broad-street
https://www.anytimemailbox.com/s/princeton-109-yorkshire-drive
https://www.anytimemailbox.com/s/bristol-400-mill-street
https://www.anytimemailbox.com/s/clovis-1077-n-willow-avenue
https://www.anytimemailbox.com/s/katy-23144-cinco-ranch-blvd
https://www.anytimemailbox.com/s/doylestown-4387-w-swamp-road
https://www.anytimemailbox.com/s/alameda-2532-santa-clara-avenue
https://www.anytimemailbox.com/s/cathedral-city-68718-e-palm-canyon-drive
https://www.anytimemailbox.com/s/henderson-1540-w-sunset-road
https://www.anytimemailbox.com/s/sanford-250-w-lake-mary-blvd
https://www.anytimemailbox.com/s/north-miami-beach-1728-ne-miami-gardens-drive
https://www.anytimemailbox.com/s/san-diego-8690-aero-drive
https://www.anytimemailbox.com/s/san-diego-1050-kettner-blvd
https://www.anytimemailbox.com/s/philadelphia-533-e-girard-avenue
https://www.anytimemailbox.com/s/plano-2701-w-15th-street
https://www.anytimemailbox.com/s/bellevue-2620-bellevue-way-ne
https://www.anytimemailbox.com/s/beverly-hills-9100-wilshire-blvd
https://www.anytimemailbox.com/s/columbia-9175-guilford-rd
https://www.anytimemailbox.com/s/rockville-centre-528-merrick-road
https://www.anytimemailbox.com/s/rimrock-3325-e-beaver-creek-road
https://www.anytimemailbox.com/s/suwanee-2090-lawrenceville-suwanee-road
https://www.anytimemailbox.com/s/westwood-248-providence-hwy
https://www.anytimemailbox.com/s/la-quinta-50991-washington-street
https://www.anytimemailbox.com/s/cheyenne-3820-central-avenue
https://www.anytimemailbox.com/s/topeka-800-sw-jackson-street
https://www.anytimemailbox.com/s/tomball-16949-n-eldridge-pkwy
https://www.anytimemailbox.com/s/panama-city-beach-8219-front-beach-road
https://www.anytimemailbox.com/s/schaumburg-1764-w-wise-road
https://www.anytimemailbox.com/s/san-antonio-12370-potranco-road
https://www.anytimemailbox.com/s/saint-petersburg-333-3rd-ave-n
https://www.anytimemailbox.com/s/cleveland-heights-2000-lee-road
https://www.anytimemailbox.com/s/issaquah-1420-nw-gilman-blvd
https://www.anytimemailbox.com/s/corpus-christi-6537-s-staples-street
https://www.anytimemailbox.com/s/nashville-4235-hillsboro-pike
https://www.anytimemailbox.com/s/atlanta-10-glenlake-pkwy
https://www.anytimemailbox.com/s/mclean-1390-chain-bridge-road
https://www.anytimemailbox.com/s/centennial-9615-e-county-line-road
https://www.anytimemailbox.com/s/sioux-falls-5013-s-louise-avenue
https://www.anytimemailbox.com/s/matthews-3116-weddington-road
https://www.anytimemailbox.com/s/olive-branch-6229-hwy-305
https://www.anytimemailbox.com/s/montclair-10292-central-avenue
https://www.anytimemailbox.com/s/lafayette-3515-mount-diablo-blvd
https://www.anytimemailbox.com/s/danville-2-e-main-street
https://www.anytimemailbox.com/s/dallas-6333-e-mockingbird-lane
https://www.anytimemailbox.com/s/sugar-land-5826-new-territory-blvd
https://www.anytimemailbox.com/s/muncie-722-s-liberty-street
https://www.anytimemailbox.com/s/port-aransas-1023-state-hwy-361
https://www.anytimemailbox.com/s/holladay-6211-s-highland-drive
https://www.anytimemailbox.com/s/arcadia-116-e-live-oak-avenue
https://www.anytimemailbox.com/s/bryan-3708-e-29th-street
https://www.anytimemailbox.com/s/brooklyn-6614-ave-u
https://www.anytimemailbox.com/s/irmo-945-lake-murray-blvd
https://www.anytimemailbox.com/s/memphis-2298-young-avenue
https://www.anytimemailbox.com/s/portland-16-middle-street
https://www.anytimemailbox.com/s/houston-8918-n-freeway
https://www.anytimemailbox.com/s/mclean-7918-jones-branch-drive
https://www.anytimemailbox.com/s/chicago-1821-w-hubbard-street
https://www.anytimemailbox.com/s/herndon-585-grove-street
https://www.anytimemailbox.com/s/allentown-1091-millcreek-road
https://www.anytimemailbox.com/s/poughkeepsie-825-main-street
https://www.anytimemailbox.com/s/uniondale-405-rxr-plaza
https://www.anytimemailbox.com/s/philadelphia-7201-frankford-ave
https://www.anytimemailbox.com/s/royse-city-598-w-interstate-30
https://www.anytimemailbox.com/s/spring-15814-champion-forest-drive
https://www.anytimemailbox.com/s/san-antonio-13423-blanco-road
https://www.anytimemailbox.com/s/cypress-15210-spring-cypress-rd
https://www.anytimemailbox.com/s/mt-juliet-1483-n-mt-juliet-road
https://www.anytimemailbox.com/s/wichita-4925-s-broadway-avenue
https://www.anytimemailbox.com/s/chicago-1440-w-taylor-street
https://www.anytimemailbox.com/s/buckeye-1300-s-watson-road
https://www.anytimemailbox.com/s/dallas-6060-n-central-expressway
https://www.anytimemailbox.com/s/brooklyn-495a-henry-street
https://www.anytimemailbox.com/s/tamarac-8029-w-mcnab-rd
https://www.anytimemailbox.com/s/san-diego-8334-clairemont-mesa-blvd
https://www.anytimemailbox.com/s/towson-849-fairmount-avenue
https://www.anytimemailbox.com/s/phoenix-2325-e-camelback-road
https://www.anytimemailbox.com/s/henderson-1550-w-horizon-ridge-pkwy
https://www.anytimemailbox.com/s/las-vegas-6955-n-durango-drive
https://www.anytimemailbox.com/s/north-brunswick-643-georges-rd
https://www.anytimemailbox.com/s/miami-lakes-15450-new-barn-rd
https://www.anytimemailbox.com/s/pinecrest-12675-s-dixie-hwy
https://www.anytimemailbox.com/s/columbus-3296-westerville-road
https://www.anytimemailbox.com/s/spearfish-41-w-hwy-14
https://www.anytimemailbox.com/s/loris-4251-main-street
https://www.anytimemailbox.com/s/inglewood-1601-centinela-avenue
https://www.anytimemailbox.com/s/la-jolla-7514-girard-ave
https://www.anytimemailbox.com/s/palmetto-bay-9555-sw-175th-terrace
https://www.anytimemailbox.com/s/suwanee-3255-lawrenceville-suwanee-road
https://www.anytimemailbox.com/s/houston-440-benmar-drive
https://www.anytimemailbox.com/s/tomball-619-west-main-street
https://www.anytimemailbox.com/s/lutz-18801-n-dale-mabry-highway
https://www.anytimemailbox.com/s/columbia-5457-twin-knolls-road
https://www.anytimemailbox.com/s/greensboro-1020-parkside-commons
https://www.anytimemailbox.com/s/concord-5011-weddington-road
https://www.anytimemailbox.com/s/fort-worth-9500-ray-white-rd
https://www.anytimemailbox.com/s/bristow-10302-bristow-center-drive
https://www.anytimemailbox.com/s/hurst-729-grapevine-hwy
https://www.anytimemailbox.com/s/wauwatosa-11220-w-burleigh-street
https://www.anytimemailbox.com/s/melbourne-981-e-eau-gallie-blvd
https://www.anytimemailbox.com/s/pennsville-251-n-broadway
https://www.anytimemailbox.com/s/livermore-2150-portola-avenue
https://www.anytimemailbox.com/s/los-angeles-11209-national-blvd
https://www.anytimemailbox.com/s/san-diego-550-west-b-street
https://www.anytimemailbox.com/s/simpsonville-111-fairview-pointe-drive
https://www.anytimemailbox.com/s/livingston-2810-us-hwy-190-west
https://www.anytimemailbox.com/s/feeding-hills-634-springfield-street
https://www.anytimemailbox.com/s/mint-hill-11300-lawyers-road
https://www.anytimemailbox.com/s/columbia-9153-two-notch-road
https://www.anytimemailbox.com/s/mahwah-479-state-route-17-north
https://www.anytimemailbox.com/s/lake-dallas-209-s-shady-shores-drive
https://www.anytimemailbox.com/s/houston-11807-westheimer-road
https://www.anytimemailbox.com/s/silver-spring-10770-columbia-pike
https://www.anytimemailbox.com/s/la-verne-1502-foothill-blvd
https://www.anytimemailbox.com/s/manchaca-11300-old-san-antonio-road
https://www.anytimemailbox.com/s/leander-651-n-us-183
https://www.anytimemailbox.com/s/pinedale-34-n-franklin-avenue
https://www.anytimemailbox.com/s/lyons-4242-1st-ave
https://www.anytimemailbox.com/s/san-diego-2907-shelter-island-drive
https://www.anytimemailbox.com/s/saint-cloud-2013-live-oak-blvd
https://www.anytimemailbox.com/s/rochester-1029-lyell-avenue
https://www.anytimemailbox.com/s/greensboro-1852-banking-street
https://www.anytimemailbox.com/s/glendale-5215-n-ironwood-road
https://www.anytimemailbox.com/s/turnersville-5051-route-42
https://www.anytimemailbox.com/s/orlando-4071-lb-mcleod-road
https://www.anytimemailbox.com/s/bronx-1450-allerton-avenue
https://www.anytimemailbox.com/s/pittsburgh-1000-main-street
https://www.anytimemailbox.com/s/glen-cove-214b-glen-cove-avenue
https://www.anytimemailbox.com/s/bethlehem-2980-linden-street
https://www.anytimemailbox.com/s/las-vegas-1920-e-serene-avenue
https://www.anytimemailbox.com/s/mooresville-125-trade-court
https://www.anytimemailbox.com/s/cincinnati-6809-main-street
https://www.anytimemailbox.com/s/amarillo-28-medical-drive
https://www.anytimemailbox.com/s/san-antonio-9110-north-loop-1604-west
https://www.anytimemailbox.com/s/bluefield-705-s-college-ave
https://www.anytimemailbox.com/s/springfield-740-boston-road
https://www.anytimemailbox.com/s/las-vegas-6881-w-charleston-blvd
https://www.anytimemailbox.com/s/frederick-7100-guilford-drive
https://www.anytimemailbox.com/s/matawan-1070-nj-34
https://www.anytimemailbox.com/s/detroit-8619-southfield-fwy
https://www.anytimemailbox.com/s/union-city-500-paterson-plank-road
https://www.anytimemailbox.com/s/clackamas-12042-se-sunnyside-road
https://www.anytimemailbox.com/s/phoenix-4022-e-greenway-road
https://www.anytimemailbox.com/s/fountain-valley-16027-brookhurst-street
https://www.anytimemailbox.com/s/naples-2430-vanderbilt-beach-rd
https://www.anytimemailbox.com/s/keller-2041-rufe-snow-dr
https://www.anytimemailbox.com/s/austin-13359-n-hwy-183
https://www.anytimemailbox.com/s/colorado-springs-3609-austin-bluffs-parkway
https://www.anytimemailbox.com/s/corona-2621-green-river-road
https://www.anytimemailbox.com/s/laplace-1420-w-airline-hwy
https://www.anytimemailbox.com/s/sterling-46950-community-plza
https://www.anytimemailbox.com/s/kenosha-7619-sheridan-road
https://www.anytimemailbox.com/s/hammond-3831-hohman-avenue
https://www.anytimemailbox.com/s/port-washington-191-main-street
https://www.anytimemailbox.com/s/katy-21803-morton-road
https://www.anytimemailbox.com/s/north-miami-beach-2221-ne-164th-street
https://www.anytimemailbox.com/s/lees-summit-312-sw-greenwich-drive
https://www.anytimemailbox.com/s/rolesville-6134-rogers-road
https://www.anytimemailbox.com/s/desoto-1670-n-hampton-road
https://www.anytimemailbox.com/s/chandler-393-w-warner-road
https://www.anytimemailbox.com/s/belmont-901-south-point-road
https://www.anytimemailbox.com/s/mill-creek-15117-main-street
https://www.anytimemailbox.com/s/pembroke-pines-2114-n-flamingo-road
https://www.anytimemailbox.com/s/east-rockaway-138-main-street
https://www.anytimemailbox.com/s/bakersfield-1220-oak-street
https://www.anytimemailbox.com/s/brewster-12-main-street
https://www.anytimemailbox.com/s/chicago-405-w-superior-street
https://www.anytimemailbox.com/s/johnson-city-4307-n-roan-street
https://www.anytimemailbox.com/s/driftwood-18281-fm-150-west
https://www.anytimemailbox.com/s/denton-3115-lillian-miller-parkway
https://www.anytimemailbox.com/s/katy-5304-e-5th-st
https://www.anytimemailbox.com/s/fresno-8839-n-cedar-ave-b-4
https://www.anytimemailbox.com/s/madison-heights-27733-john-r-road
https://www.anytimemailbox.com/s/beverly-hills-9461-charleville-blvd
https://www.anytimemailbox.com/s/boulder-4800-baseline-road
https://www.anytimemailbox.com/s/escondido-970-w-valley-parkway
https://www.anytimemailbox.com/s/conyers-2274-salem-road-se
https://www.anytimemailbox.com/s/los-angeles-3003-106-w-olympic-blvd
https://www.anytimemailbox.com/s/atlanta-3900-n-commerce-drive
https://www.anytimemailbox.com/s/iselin-1404-oak-tree-road
https://www.anytimemailbox.com/s/albany-69-state-street
https://www.anytimemailbox.com/s/angleton-1814-n-velasco-street
https://www.anytimemailbox.com/s/raeford-257-flagstone-lane
https://www.anytimemailbox.com/s/las-colinas-511-e-john-carpenter-freeway
https://www.anytimemailbox.com/s/alexandria-950-n-washington-street
https://www.anytimemailbox.com/s/waco-7215-bosque-blvd
https://www.anytimemailbox.com/s/northridge-9250-reseda-blvd
https://www.anytimemailbox.com/s/tecumseh-1440-w-chicago-blvd
https://www.anytimemailbox.com/s/costa-mesa-427-east-17th-street
https://www.anytimemailbox.com/s/stillwater-901-s-main-street
https://www.anytimemailbox.com/s/niceville-4566-e-highway-20
https://www.anytimemailbox.com/s/edison-180-talmadge-road
https://www.anytimemailbox.com/s/little-neck-248-25-northern-blvd
https://www.anytimemailbox.com/s/euclid-25000-euclid-ave
https://www.anytimemailbox.com/s/clayton-63-sarazen-drive
https://www.anytimemailbox.com/s/ocala-9311-se-maricamp-road
https://www.anytimemailbox.com/s/saint-augustine-2800-n-6th-street
https://www.anytimemailbox.com/s/fayetteville-3011-town-center-drive
https://www.anytimemailbox.com/s/smyrna-1658-lee-victory-parkway
https://www.anytimemailbox.com/s/vancouver-2512-e-evergreen-blvd
https://www.anytimemailbox.com/s/detroit-2870-e-grand-blvd
https://www.anytimemailbox.com/s/new-york-108-w-39th-street
https://www.anytimemailbox.com/s/union-540-north-avenue
https://www.anytimemailbox.com/s/falmouth-197-palmer-avenue
https://www.anytimemailbox.com/s/riverside-17130-van-buren-blvd
https://www.anytimemailbox.com/s/washington-875-w-red-cliffs-drive
https://www.anytimemailbox.com/s/castaic-31583-castaic-road
https://www.anytimemailbox.com/s/los-angeles-2355-westwood-blvd
https://www.anytimemailbox.com/s/morgan-hill-222-cochrane-plaza
https://www.anytimemailbox.com/s/rockville-12345-parklawn-drive
https://www.anytimemailbox.com/s/henderson-35-e-horizon-ridge-pkwy
https://www.anytimemailbox.com/s/princeton-28-spring-street
https://www.anytimemailbox.com/s/glen-cove-5-brewster-street
https://www.anytimemailbox.com/s/hollister-215-gage-drive
https://www.anytimemailbox.com/s/cornelius-20619-torrence-chapel-road
https://www.anytimemailbox.com/s/fergus-falls-825-n-tower-rd
https://www.anytimemailbox.com/s/salt-lake-city-3556-s-5600-w
https://www.anytimemailbox.com/s/lake-charles-4459-nelson-road
https://www.anytimemailbox.com/s/georgetown-1410-highmarket-street
https://www.anytimemailbox.com/s/burlington-706-e-davis-street
https://www.anytimemailbox.com/s/bethel-park-4607-library-road
https://www.anytimemailbox.com/s/springdale-210-s-thompson-street
https://www.anytimemailbox.com/s/houston-2401-fountain-view-drive
https://www.anytimemailbox.com/s/miami-14707-s-dixie-highway
https://www.anytimemailbox.com/s/prince-frederick-645-solomons-island-road
https://www.anytimemailbox.com/s/west-bloomfield-6311-haggerty-road
https://www.anytimemailbox.com/s/knoxville-9111-cross-park-drive
https://www.anytimemailbox.com/s/chino-12403-central-avenue
https://www.anytimemailbox.com/s/singer-island-1287-e-blue-heron-blvd
https://www.anytimemailbox.com/s/mattapoisett-82-county-road
https://www.anytimemailbox.com/s/houston-3139-w-holcombe-blvd
https://www.anytimemailbox.com/s/denver-1001-bannock-street
https://www.anytimemailbox.com/s/chamblee-1954-airport-road
https://www.anytimemailbox.com/s/annapolis-1125-west-street
https://www.anytimemailbox.com/s/folcroft-304-baltimore-avenue
https://www.anytimemailbox.com/s/delaware-825-n-houk-road
https://www.anytimemailbox.com/s/kalispell-1803-3rd-ave-e
https://www.anytimemailbox.com/s/wichita-falls-1716-9th-street
https://www.anytimemailbox.com/s/lake-stevens-731-wa-highway-9
https://www.anytimemailbox.com/s/ocala-4901-e-silver-springs-blvd
https://www.anytimemailbox.com/s/macclenny-11-south-blvd-east
https://www.anytimemailbox.com/s/austin-1401-lavaca-street
https://www.anytimemailbox.com/s/amherst-4498-main-street
https://www.anytimemailbox.com/s/abilene-2438-industrial-blvd
https://www.anytimemailbox.com/s/vero-beach-5220-us-hwy-1
https://www.anytimemailbox.com/s/detroit-7333-puritan-avenue
https://www.anytimemailbox.com/s/el-monte-11007-lower-azusa-road
https://www.anytimemailbox.com/s/huntington-375-w-main-street
https://www.anytimemailbox.com/s/rosenberg-2701-avenue-h
https://www.anytimemailbox.com/s/north-fort-myers-15201-n-cleveland-ave
https://www.anytimemailbox.com/s/plantation-7027-w-broward-blvd
https://www.anytimemailbox.com/s/missouri-city-2240-fm-1092-road
https://www.anytimemailbox.com/s/atlanta-1700-northside-drive
https://www.anytimemailbox.com/s/brooklyn-12448-flatlands-avenue
https://www.anytimemailbox.com/s/long-beach-375-redondo-avenue
https://www.anytimemailbox.com/s/worcester-100-front-street
https://www.anytimemailbox.com/s/grapevine-2451-w-grapevine-mills-circle
https://www.anytimemailbox.com/s/lantana-928-s-dixie-highway
https://www.anytimemailbox.com/s/lynnwood-4320-196th-street-sw
https://www.anytimemailbox.com/s/dallas-5955-alpha-rd
https://www.anytimemailbox.com/s/milford-138-s-main-st
https://www.anytimemailbox.com/s/plymouth-1098-ann-arbor-road-w
https://www.anytimemailbox.com/s/sunrise-4300-n-university-drive
https://www.anytimemailbox.com/s/davis-417-mace-blvd
https://www.anytimemailbox.com/s/morristown-44-washington-street
https://www.anytimemailbox.com/s/nashville-6339-charlotte-pike
https://www.anytimemailbox.com/s/asheville-125-s-lexington-avenue
https://www.anytimemailbox.com/s/weatherford-502-n-main-street
https://www.anytimemailbox.com/s/san-diego-421-broadway
https://www.anytimemailbox.com/s/cumberland-614-north-centre-street
https://www.anytimemailbox.com/s/brooklyn-2918-avenue-i
https://www.anytimemailbox.com/s/plano-7801-alma-drive
https://www.anytimemailbox.com/s/ithaca-206a-dryden-road
https://www.anytimemailbox.com/s/las-vegas-6130-west-flamingo-road
https://www.anytimemailbox.com/s/portland-5331-sw-macadam-avenue
https://www.anytimemailbox.com/s/el-paso-12210-montwood-drive
https://www.anytimemailbox.com/s/roanoke-3214-electric-road
https://www.anytimemailbox.com/s/milwaukee-10400-w-silver-spring-drive
https://www.anytimemailbox.com/s/raleigh-1109-cross-link-road
https://www.anytimemailbox.com/s/richardson-508-west-lookout-drive
https://www.anytimemailbox.com/s/hutto-143-exchange-blvd
https://www.anytimemailbox.com/s/moore-519-sw-4th-street
https://www.anytimemailbox.com/s/arlington-2442-s-collins-street
https://www.anytimemailbox.com/s/kings-park-21-pulaski-road
https://www.anytimemailbox.com/s/tucson-8987-e-tanque-verde-road
https://www.anytimemailbox.com/s/murrieta-40485-murrieta-hot-springs-rd
https://www.anytimemailbox.com/s/pueblo-west-1021-n-market-plz
https://www.anytimemailbox.com/s/sparks-1344-disc-drive
https://www.anytimemailbox.com/s/houston-10780-westview-drive
https://www.anytimemailbox.com/s/belleville-847-sumpter-road
https://www.anytimemailbox.com/s/vienna-278-cedar-lane-se
https://www.anytimemailbox.com/s/seattle-2226-eastlake-avenue-e
https://www.anytimemailbox.com/s/san-bernardino-1353-w-mill-street
https://www.anytimemailbox.com/s/east-setauket-248-route-25a
https://www.anytimemailbox.com/s/palm-beach-gardens-6231-pga-blvd
https://www.anytimemailbox.com/s/anaheim-201-e-center-street
https://www.anytimemailbox.com/s/san-francisco-3739-balboa-street
https://www.anytimemailbox.com/s/claremont-112-harvard-avenue
https://www.anytimemailbox.com/s/wooster-201-e-liberty-street
https://www.anytimemailbox.com/s/las-vegas-420-n-nellis-blvd
https://www.anytimemailbox.com/s/dresher-1650-limekiln-pike
https://www.anytimemailbox.com/s/dallas-3010-lbj-freeway
https://www.anytimemailbox.com/s/houston-5318-weslayan-street
https://www.anytimemailbox.com/s/castle-rock-834-f-s-perry-street
https://www.anytimemailbox.com/s/oviedo-2871-clayton-crossing-wy
https://www.anytimemailbox.com/s/mullins-214-e-mcintyre-street
https://www.anytimemailbox.com/s/boise-3527-s-federal-way
https://www.anytimemailbox.com/s/atoka-11180-hwy-51-s
https://www.anytimemailbox.com/s/columbus-1121-worthington-woods-blvd
https://www.anytimemailbox.com/s/ashburn-42841-creek-view-plaza
https://www.anytimemailbox.com/s/tampa-7402-n-56th-street
https://www.anytimemailbox.com/s/conyers-3531-hwy-20-se
https://www.anytimemailbox.com/s/fenton-1114-north-leroy-street
https://www.anytimemailbox.com/s/henderson-2654-w-horizon-ridge-pkwy
https://www.anytimemailbox.com/s/matawan-100-matawan-road
https://www.anytimemailbox.com/s/lanham-10001-derekwood-lane
https://www.anytimemailbox.com/s/bala-cynwyd-45-e-city-avenue
https://www.anytimemailbox.com/s/dallas-5301-alpha-road
https://www.anytimemailbox.com/s/cibolo-232-brite-road
https://www.anytimemailbox.com/s/irvine-5319-university-drive
https://www.anytimemailbox.com/s/san-diego-7580-metropolitan-drive
https://www.anytimemailbox.com/s/lakeland-7364-kathleen-road
https://www.anytimemailbox.com/s/chicago-318-w-adams-street
https://www.anytimemailbox.com/s/olathe-10420-s-ridgeview-road
https://www.anytimemailbox.com/s/brooklyn-2935-w-5th-st
https://www.anytimemailbox.com/s/indian-trail-113-indian-trail-rd-n
https://www.anytimemailbox.com/s/long-beach-2892-n-bellflower-blvd
https://www.anytimemailbox.com/s/blairsville-281-young-harris-street
https://www.anytimemailbox.com/s/medina-431-w-liberty-street
https://www.anytimemailbox.com/s/west-palm-beach-7750-okeechobee-blvd
https://www.anytimemailbox.com/s/columbus-1096-parsons-avenue
https://www.anytimemailbox.com/s/murfreesboro-600-murfreesboro-street
https://www.anytimemailbox.com/s/orlando-3019-edgewater-drive
https://www.anytimemailbox.com/s/dallas-1910-pacific-avenue
https://www.anytimemailbox.com/s/houston-7055-old-katy-road
https://www.anytimemailbox.com/s/katy-19214-clay-road
https://www.anytimemailbox.com/s/tampa-3750-gunn-hwy
https://www.anytimemailbox.com/s/the-colony-6805-main-street
https://www.anytimemailbox.com/s/irving-391-las-colinas-blvd-east
https://www.anytimemailbox.com/s/los-angeles-8033-sunset-blvd
https://www.anytimemailbox.com/s/missouri-city-6140-hwy-6
https://www.anytimemailbox.com/s/bellingham-4202-meridian-street
https://www.anytimemailbox.com/s/eau-claire-2809-e-hamilton-ave
https://www.anytimemailbox.com/s/timonium-1301-york-road
https://www.anytimemailbox.com/s/baltimore-1014-w-36th-street
https://www.anytimemailbox.com/s/eastpointe-18301-e-8-mile-road
https://www.anytimemailbox.com/s/broomfield-2205-w-136th-ave
https://www.anytimemailbox.com/s/brooklyn-196-utica-avenue
https://www.anytimemailbox.com/s/rancho-mirage-36101-bob-hope-drive
https://www.anytimemailbox.com/s/grants-pass-560-ne-f-street
https://www.anytimemailbox.com/s/novato-926-diablo-avenue
https://www.anytimemailbox.com/s/san-bernardino-2999-kendall-drive
https://www.anytimemailbox.com/s/springerville-221-s-mountain-ave
https://www.anytimemailbox.com/s/warner-robins-205-dental-drive
https://www.anytimemailbox.com/s/omaha-6311-ames-avenue
https://www.anytimemailbox.com/s/newark-146-b-ferry-street
https://www.anytimemailbox.com/s/lancaster-146a-east-king-street
https://www.anytimemailbox.com/s/greenville-2120-e-fire-tower-road
https://www.anytimemailbox.com/s/lawndale-4711-w-artesia-blvd
https://www.anytimemailbox.com/s/fort-mill-1726-gold-hill-road
https://www.anytimemailbox.com/s/myrtle-beach-6514-dick-pond-rd
https://www.anytimemailbox.com/s/fair-oaks-8506-madison-avenue
https://www.anytimemailbox.com/s/riverside-3950-pierce-street
https://www.anytimemailbox.com/s/atlanta-245-n-highland-ave
https://www.anytimemailbox.com/s/hyattsville-4328-farragut-street
https://www.anytimemailbox.com/s/dacula-831-auburn-road
https://www.anytimemailbox.com/s/hillsborough-450-amwell-road
https://www.anytimemailbox.com/s/egg-harbor-township-2600-tilton-road
https://www.anytimemailbox.com/s/columbus-1617-e-livingston-ave
https://www.anytimemailbox.com/s/grand-island-1879-whitehaven-road
https://www.anytimemailbox.com/s/levittown-197-kenwood-drive-north
https://www.anytimemailbox.com/s/inglewood-309-e-hillcrest-blvd
https://www.anytimemailbox.com/s/palm-springs-1775-e-palm-canyon-drive
https://www.anytimemailbox.com/s/marrero-4657-westbank-expressway
https://www.anytimemailbox.com/s/middletown-township-107-tindall-road
https://www.anytimemailbox.com/s/okmulgee-200-e-6th-st
https://www.anytimemailbox.com/s/dallas-110-n-akard-street
https://www.anytimemailbox.com/s/tucson-8110-s-houghton-road
https://www.anytimemailbox.com/s/houston-5161-san-felipe-street
https://www.anytimemailbox.com/s/greenville-3039-white-horse-rd
https://www.anytimemailbox.com/s/humble-4830-wilson-road
https://www.anytimemailbox.com/s/miami-12818-sw-8th-street
https://www.anytimemailbox.com/s/lodi-1040-west-kettleman-lane
https://www.anytimemailbox.com/s/scottsville-110-north-court-street
https://www.anytimemailbox.com/s/wesley-chapel-27251-wesley-chapel-blvd
https://www.anytimemailbox.com/s/new-york-city-167-madison-avenue
https://www.anytimemailbox.com/s/college-park-4827-old-national-hwy
https://www.anytimemailbox.com/s/dalton-gardens-6848-n-government-way
https://www.anytimemailbox.com/s/san-diego-7710-hazard-center-drive
https://www.anytimemailbox.com/s/pace-5568-woodbine-road
https://www.anytimemailbox.com/s/oak-ridge-969-oak-ridge-turnpike
https://www.anytimemailbox.com/s/rocklin-3031-stanford-ranch-road
https://www.anytimemailbox.com/s/austin-6001-w-parmer-lane
https://www.anytimemailbox.com/s/gilbert-929-n-val-vista-drive
https://www.anytimemailbox.com/s/covina-964-e-badillo-street
https://www.anytimemailbox.com/s/marstons-mills-3821-falmouth-road
https://www.anytimemailbox.com/s/westfield-28-main-street
https://www.anytimemailbox.com/s/mckinney-6150-eldorado-pkwy
https://www.anytimemailbox.com/s/san-antonio-20711-wilderness-oak
https://www.anytimemailbox.com/s/tampa-603-e-jackson-street
https://www.anytimemailbox.com/s/houston-3120-southwest-fwy
https://www.anytimemailbox.com/s/houston-6220-westpark-drive
https://www.anytimemailbox.com/s/san-antonio-7700-broadway
https://www.anytimemailbox.com/s/universal-city-508-pat-booker-road
https://www.anytimemailbox.com/s/willis-14132-fm-1097-road-w
https://www.anytimemailbox.com/s/inglewood-113-e-manchester-blvd
https://www.anytimemailbox.com/s/duncanville-214-s-main-street
https://www.anytimemailbox.com/s/north-springfield-8001-forbes-place
https://www.anytimemailbox.com/s/ormond-beach-386-s-atlantic-avenue
https://www.anytimemailbox.com/s/honolulu-438-hobron-lane
https://www.anytimemailbox.com/s/lanham-7404-executive-place
https://www.anytimemailbox.com/s/niagara-falls-2914-pine-avenue
https://www.anytimemailbox.com/s/gilbert-1525-s-higley-road
https://www.anytimemailbox.com/s/rancho-palos-verdes-28625-s-western-avenue
https://www.anytimemailbox.com/s/longwood-731-n-us-hwy-17-92
https://www.anytimemailbox.com/s/augusta-126-western-avenue
https://www.anytimemailbox.com/s/fresno-132-w-nees-avenue
https://www.anytimemailbox.com/s/dover-42-dover-point-road
https://www.anytimemailbox.com/s/bend-70-sw-century-dr
https://www.anytimemailbox.com/s/sacramento-10265-rockingham-drive
https://www.anytimemailbox.com/s/palm-bay-2040-palm-bay-rd-ne
https://www.anytimemailbox.com/s/morrisville-2121-tw-alexander-drive
https://www.anytimemailbox.com/s/afton-565-patterson-st
https://www.anytimemailbox.com/s/radcliff-734-knox-blvd
https://www.anytimemailbox.com/s/modesto-931-10th-street
https://www.anytimemailbox.com/s/laguna-niguel-30025-alicia-pkwy
https://www.anytimemailbox.com/s/ellicott-city-10045-baltimore-national-pike
https://www.anytimemailbox.com/s/austin-3571-far-west-blvd
https://www.anytimemailbox.com/s/cypress-17505-telge-road
https://www.anytimemailbox.com/s/dallas-18484-preston-road
https://www.anytimemailbox.com/s/cincinnati-2345-ashland-avenue
https://www.anytimemailbox.com/s/houston-7324-southwest-freeway
https://www.anytimemailbox.com/s/plano-909-w-spring-creek-pkwy
https://www.anytimemailbox.com/s/chehalis-1673-s-market-blvd
https://www.anytimemailbox.com/s/alexandria-1602-belle-view-blvd
https://www.anytimemailbox.com/s/claremont-915-w-foothill-blvd
https://www.anytimemailbox.com/s/las-vegas-2605-s-decatur-blvd
https://www.anytimemailbox.com/s/los-angeles-338-s-western-ave
https://www.anytimemailbox.com/s/covington-16915-se-272nd-street
https://www.anytimemailbox.com/s/scottsdale-10869-n-scottsdale-road
https://www.anytimemailbox.com/s/raeford-1930-club-pond-road
https://www.anytimemailbox.com/s/summerville-507-front-street
https://www.anytimemailbox.com/s/miami-beach-407-lincoln-road
https://www.anytimemailbox.com/s/silver-spring-9466-georgia-avenue
https://www.anytimemailbox.com/s/umatilla-913-n-central-avenue
https://www.anytimemailbox.com/s/jacksonville-1250-western-blvd
https://www.anytimemailbox.com/s/saint-petersburg-4604-49th-street-north
https://www.anytimemailbox.com/s/pembroke-707-union-chapel-road
https://www.anytimemailbox.com/s/reynoldsburg-1929-baltimore-reynoldsburg-road
https://www.anytimemailbox.com/s/eugene-1430-willamette-street
https://www.anytimemailbox.com/s/hixson-8521-hixson-pike
https://www.anytimemailbox.com/s/dallas-13740-midway-roadway
https://www.anytimemailbox.com/s/chicago-211-w-wacker-drive-suite-300
https://www.anytimemailbox.com/s/parsippany-8-campus-drive
https://www.anytimemailbox.com/s/farmersville-604-state-hwy-78-north
https://www.anytimemailbox.com/s/fontana-14050-cherry-avenue
https://www.anytimemailbox.com/s/lubbock-4414-82nd-street
https://www.anytimemailbox.com/s/san-marcos-102-wonder-world-drive
https://www.anytimemailbox.com/s/mukilteo-11601-harbour-pointe-blvd
https://www.anytimemailbox.com/s/spokane-2225-w-wellesley-avenue
https://www.anytimemailbox.com/s/richfield-6417-penn-ave-south
https://www.anytimemailbox.com/s/west-jordan-8977-s-1300-west
https://www.anytimemailbox.com/s/ashland-1467-siskiyou-blvd
https://www.anytimemailbox.com/s/liberty-lake-23505-e-appleway
https://www.anytimemailbox.com/s/atlanta-285-wieuca-road
https://www.anytimemailbox.com/s/tampa-6421-n-florida-avenue
https://www.anytimemailbox.com/s/la-vergne-6001-jackson-square-blvd
https://www.anytimemailbox.com/s/plano-6009-w-parker-road
https://www.anytimemailbox.com/s/chantilly-13950-us-50-w
https://www.anytimemailbox.com/s/appleton-1835-e-edgewood-drive
https://www.anytimemailbox.com/s/cheyenne-1914-thomes-ave
https://www.anytimemailbox.com/s/lake-saint-louis-1200-lake-saint-louis-blvd
https://www.anytimemailbox.com/s/boulder-2525-arapahoe-avenue
https://www.anytimemailbox.com/s/cary-964-high-house-road
https://www.anytimemailbox.com/s/mount-juliet-651-s-mt-juliet-road
https://www.anytimemailbox.com/s/edinburg-2330-e-freddy-gonzalez-drive
https://www.anytimemailbox.com/s/marysville-1242-state-avenue
https://www.anytimemailbox.com/s/las-vegas-848-n-rainbow-blvd
https://www.anytimemailbox.com/s/seattle-4739-university-way-ne
https://www.anytimemailbox.com/s/grosse-pointe-park-15001-kercheval-ave
https://www.anytimemailbox.com/s/pawleys-island-115-willbrook-blvd
https://www.anytimemailbox.com/s/riverside-4020-chicago-ave
https://www.anytimemailbox.com/s/calhoun-136-w-belmont-drive
https://www.anytimemailbox.com/s/chicago-10735-s-western-avenue
https://www.anytimemailbox.com/s/newport-beach-3857-birch-street
https://www.anytimemailbox.com/s/sanford-411-west-1st-street
https://www.anytimemailbox.com/s/lodi-2-arnot-street
https://www.anytimemailbox.com/s/fuquay-varina-726-n-main-street
https://www.anytimemailbox.com/s/clovis-1187-n-willow-avenue
https://www.anytimemailbox.com/s/phoenix-3409-n-7th-avenue
https://www.anytimemailbox.com/s/glendale-3747-foothill-blvd
https://www.anytimemailbox.com/s/metairie-4051-veterans-blvd
https://www.anytimemailbox.com/s/linthicum-heights-1190-winterson-road
https://www.anytimemailbox.com/s/riverdale-6200-baltimore-avenue
https://www.anytimemailbox.com/s/evansville-2421-menards-dr
https://www.anytimemailbox.com/s/great-neck-15-cuttermill-road
https://www.anytimemailbox.com/s/langhorne-112-n-flowers-mill-road
https://www.anytimemailbox.com/s/alpharetta-9925-haynes-bridge-road
https://www.anytimemailbox.com/s/oak-park-21700-greenfield-road
https://www.anytimemailbox.com/s/austin-305-e-huntland-drive
https://www.anytimemailbox.com/s/raleigh-4801-glenwood-avenue
https://www.anytimemailbox.com/s/las-vegas-7181-n-hualapai-way
https://www.anytimemailbox.com/s/anaheim-211-s-state-college-blvd
https://www.anytimemailbox.com/s/las-vegas-2381-e-windmill-lane
https://www.anytimemailbox.com/s/grapevine-1785-state-hwy-26
https://www.anytimemailbox.com/s/dallas-655-w-illinois-ave
https://www.anytimemailbox.com/s/hidalgo-501-n-bridge-street
https://www.anytimemailbox.com/s/houston-9337-katy-fwy
https://www.anytimemailbox.com/s/mckinney-6675-s-custer-rd
https://www.anytimemailbox.com/s/slidell-2159-gause-blvd-east
https://www.anytimemailbox.com/s/plano-5700-tennyson-parkway
https://www.anytimemailbox.com/s/fort-wayne-429-e-dupont-road
https://www.anytimemailbox.com/s/bethalto-333-w-bethalto-drive
https://www.anytimemailbox.com/s/rocky-point-678-n-country-road
https://www.anytimemailbox.com/s/raleigh-1306-e-millbrook-road
https://www.anytimemailbox.com/s/sacramento-3575-arden-way
https://www.anytimemailbox.com/s/snohomish-2801-bickford-avenue
https://www.anytimemailbox.com/s/bowie-12530-fairwood-pkwy
https://www.anytimemailbox.com/s/poway-14781-pomerado-road
https://www.anytimemailbox.com/s/mount-laurel-921-pleasant-valley-avenue
https://www.anytimemailbox.com/s/scottsdale-8390-east-via-de-ventura
https://www.anytimemailbox.com/s/fremont-46539-mission-blvd
https://www.anytimemailbox.com/s/oklahoma-city-2501-ne-23rd-street
https://www.anytimemailbox.com/s/plano-2100-14th-street
https://www.anytimemailbox.com/s/bonita-4364-bonita-road
https://www.anytimemailbox.com/s/zephyrhills-4850-allen-road
https://www.anytimemailbox.com/s/spokane-10208-n-division-street
https://www.anytimemailbox.com/s/kingsville-634-e-king-avenue
https://www.anytimemailbox.com/s/madison-177-sw-range-avenue
https://www.anytimemailbox.com/s/mooresville-112-argus-lane
https://www.anytimemailbox.com/s/scottsdale-16220-n-scottsdale-road
https://www.anytimemailbox.com/s/rancho-mirage-42440-bob-hope-drive
https://www.anytimemailbox.com/s/lakewood-7111-w-alameda-ave
https://www.anytimemailbox.com/s/cary-3434-135-kildaire-farm-road
https://www.anytimemailbox.com/s/floral-park-31-covert-avenue
https://www.anytimemailbox.com/s/sarasota-6547-midnight-pass-road
https://www.anytimemailbox.com/s/surfside-beach-2734-beaver-run-blvd
https://www.anytimemailbox.com/s/tomball-25420-kuykendahl-road
https://www.anytimemailbox.com/s/atlanta-3133-maple-drive-ne
https://www.anytimemailbox.com/s/melbourne-8530-north-wickham-road
https://www.anytimemailbox.com/s/mckinney-5121-collin-mckinney-pkwy
https://www.anytimemailbox.com/s/north-salt-lake-189-n-hwy-89
https://www.anytimemailbox.com/s/auburn-230-auburn-way-south
https://www.anytimemailbox.com/s/pleasanton-2883-hopyard-road
https://www.anytimemailbox.com/s/lakewood-ranch-11161-e-state-rd-70
https://www.anytimemailbox.com/s/vancouver-7720-ne-hwy-99
https://www.anytimemailbox.com/s/nashville-1161-murfreesboro-pike
https://www.anytimemailbox.com/s/anaheim-532-n-magnolia-avenue
https://www.anytimemailbox.com/s/orlando-37-n-orange-ave
https://www.anytimemailbox.com/s/bronx-2260-washington-avenue
https://www.anytimemailbox.com/s/rocklin-3101-sunset-blvd
https://www.anytimemailbox.com/s/san-diego-6977-navajo-road
https://www.anytimemailbox.com/s/miami-beach-1680-michigan-ave
https://www.anytimemailbox.com/s/charleston-1750-remount-road
https://www.anytimemailbox.com/s/tyler-1400-w-southwest-loop-323
https://www.anytimemailbox.com/s/oklahoma-city-1724-ne-42nd-street
https://www.anytimemailbox.com/s/stone-ridge-42020-village-center-plaza
https://www.anytimemailbox.com/s/coolidge-1415-n-arizona-blvd
https://www.anytimemailbox.com/s/fort-worth-12650-n-beach-street
https://www.anytimemailbox.com/s/wake-forest-12400-wake-union-church-road
https://www.anytimemailbox.com/s/houston-712-wilcrest-drive
https://www.anytimemailbox.com/s/johnstown-103-townsend-avenue
https://www.anytimemailbox.com/s/salem-50a-northwestern-drive
https://www.anytimemailbox.com/s/houston-10245-kempwood-drive
https://www.anytimemailbox.com/s/encino-18034-ventura-blvd
https://www.anytimemailbox.com/s/fort-washington-8507-oxon-hill-road
https://www.anytimemailbox.com/s/ellicott-city-4725-dorsey-hall-drive
https://www.anytimemailbox.com/s/new-york-150-west-25th-street
https://www.anytimemailbox.com/s/satellite-beach-1790-highway-a1a
https://www.anytimemailbox.com/s/new-york-211-e-43rd-street
https://www.anytimemailbox.com/s/navarre-10062-navarre-pkwy
https://www.anytimemailbox.com/s/west-palm-beach-1211-old-okeechobee-road
https://www.anytimemailbox.com/s/irvine-15333-culver-drive
https://www.anytimemailbox.com/s/buford-3300-hamilton-mill-road
https://www.anytimemailbox.com/s/cumming-655-atlanta-road
https://www.anytimemailbox.com/s/st-charles-3324-rue-royale-street
https://www.anytimemailbox.com/s/hyattsville-5557-baltimore-avenue
https://www.anytimemailbox.com/s/laurinburg-1323-scotland-crossing-drive
https://www.anytimemailbox.com/s/houston-24-greenway-plaza
https://www.anytimemailbox.com/s/lake-orion-3079-s-baldwin-road
https://www.anytimemailbox.com/s/chicago-1449-s-michigan-avenue
https://www.anytimemailbox.com/s/grandville-4370-chicago-drive-sw
https://www.anytimemailbox.com/s/miami-1031-ives-dairy-road
https://www.anytimemailbox.com/s/sugar-land-13500-w-airport-blvd
https://www.anytimemailbox.com/s/cheyenne-1603-capitol-avenue
https://www.anytimemailbox.com/s/houston-w-11th-street
https://www.anytimemailbox.com/s/oakland-490-43rd-street
https://www.anytimemailbox.com/s/reno-5150-mae-anne-avenue
https://www.anytimemailbox.com/s/southfield-15900-w-10-mile-road
https://www.anytimemailbox.com/s/pittsburgh-5831-forward-avenue
https://www.anytimemailbox.com/s/springfield-3309-robbins-road
https://www.anytimemailbox.com/s/parker-6212-e-pine-lane
https://www.anytimemailbox.com/s/duncanville-321-s-cedar-ridge-drive
https://www.anytimemailbox.com/s/tampa-19046-bruce-b-downs-blvd
https://www.anytimemailbox.com/s/waxhaw-3919-providence-road-s
https://www.anytimemailbox.com/s/austin-3801-n-capital-of-texas-hwy
https://www.anytimemailbox.com/s/westfield-1029-north-road
https://www.anytimemailbox.com/s/albuquerque-2105-vista-oeste-nw
https://www.anytimemailbox.com/s/briarcliff-manor-1872-pleasantville-road
https://www.anytimemailbox.com/s/houston-15015-westheimer-parkway
https://www.anytimemailbox.com/s/houston-3200-wilcrest-drive
https://www.anytimemailbox.com/s/milwaukee-5800-w-burleigh
https://www.anytimemailbox.com/s/dallas-7701-lemmon-avenue
https://www.anytimemailbox.com/s/bridgewater-991-us-22
https://www.anytimemailbox.com/s/arcadia-145-e-duarte-road
https://www.anytimemailbox.com/s/austin-10900-research-blvd
https://www.anytimemailbox.com/s/miami-1000-brickell-avenue
https://www.anytimemailbox.com/s/la-jolla-1130-wall-street
https://www.anytimemailbox.com/s/newark-110-jabez-street
https://www.anytimemailbox.com/s/mooresville-631-brawley-school-road
https://www.anytimemailbox.com/s/houston-3707-westcenter-drive
https://www.anytimemailbox.com/s/los-angeles-611-wilshire-blvd
https://www.anytimemailbox.com/s/fort-worth-2706-se-loop-820
https://www.anytimemailbox.com/s/quartzsite-505-kuehn-street
https://www.anytimemailbox.com/s/anaheim-1081-n-tustin-ave
https://www.anytimemailbox.com/s/mount-pleasant-1985-riviera-drive
https://www.anytimemailbox.com/s/kennesaw-4290-bells-ferry-road
https://www.anytimemailbox.com/s/wood-river-242-e-ferguson-avenue
https://www.anytimemailbox.com/s/southfield-29532-southfield-road
https://www.anytimemailbox.com/s/mansfield-1724-e-broad-street
https://www.anytimemailbox.com/s/woodinville-13110-ne-177th-place
https://www.anytimemailbox.com/s/spring-395-sawdust-road
https://www.anytimemailbox.com/s/houston-2616-briarhurst-drive
https://www.anytimemailbox.com/s/garland-1802-pleasant-valley-road
https://www.anytimemailbox.com/s/elkins-park-1135-w-cheltenham-ave
https://www.anytimemailbox.com/s/houston-12712-w-lake-houston-pkwy
https://www.anytimemailbox.com/s/newark-511-s-orange-avenue
https://www.anytimemailbox.com/s/platte-city-1302-platte-falls-road
https://www.anytimemailbox.com/s/las-vegas-3172-n-rainbow-blvd
https://www.anytimemailbox.com/s/chino-12564-central-avenue
https://www.anytimemailbox.com/s/waldorf-2-a-industrial-park-drive
https://www.anytimemailbox.com/s/manchester-923-elm-street
https://www.anytimemailbox.com/s/happy-valley-13203-se-172nd-avenue
https://www.anytimemailbox.com/s/columbus-470-w-broad-street
https://www.anytimemailbox.com/s/chicago-5237-n-kedzie-avenue
https://www.anytimemailbox.com/s/katy-1450-w-grand-pkwy-s
https://www.anytimemailbox.com/s/kansas-city-215-w-pershing-road
https://www.anytimemailbox.com/s/brooklyn-285-nostrand-avenue
https://www.anytimemailbox.com/s/tucson-7090-n-oracle-road
https://www.anytimemailbox.com/s/palos-hills-10200-s-roberts-road
https://www.anytimemailbox.com/s/buford-2475-s-water-works-road
https://www.anytimemailbox.com/s/youngstown-4496-mahoning-avenue
https://www.anytimemailbox.com/s/bronx-557-grand-concourse
https://www.anytimemailbox.com/s/gearhart-3095-hw-101-n
https://www.anytimemailbox.com/s/houston-4313-cavalcade-street
https://www.anytimemailbox.com/s/detroit-11000-w-mcnichols-road
https://www.anytimemailbox.com/s/sacramento-4343-marconi-ave
https://www.anytimemailbox.com/s/ashburn-44679-endicott-drive
https://www.anytimemailbox.com/s/atlanta-3100-interstate-n-circle
https://www.anytimemailbox.com/s/newark-188-jefferson-street
https://www.anytimemailbox.com/s/atlanta-3379-peachtree-road-ne
https://www.anytimemailbox.com/s/clarkston-980-rowland-street
https://www.anytimemailbox.com/s/chula-vista-2220-otay-lakes-road
https://www.anytimemailbox.com/s/duluth-2615-peachtree-industrial-blvd
https://www.anytimemailbox.com/s/edison-6-kilmer-road
https://www.anytimemailbox.com/s/hood-river-2149-cascade-avenue
https://www.anytimemailbox.com/s/cedar-park-202-walton-way
https://www.anytimemailbox.com/s/denver-2000-s-colorado-blvd
https://www.anytimemailbox.com/s/jonesboro-2821-race-street
https://www.anytimemailbox.com/s/riverdale-6801-kenilworth-avenue
https://www.anytimemailbox.com/s/diamond-bar-324-s-diamond-bar-blvd
https://www.anytimemailbox.com/s/montrose-2155-verdugo-blvd
https://www.anytimemailbox.com/s/charlotte-9805-statesville-road
https://www.anytimemailbox.com/s/columbia-1122-lady-street
https://www.anytimemailbox.com/s/southern-pines-135-west-illinois-avenue
https://www.anytimemailbox.com/s/coppell-817-s-macaurthur-blvd
https://www.anytimemailbox.com/s/richmond-9115-fm-723-road
https://www.anytimemailbox.com/s/san-antonio-15614-huebner-road
https://www.anytimemailbox.com/s/san-diego-4370-palm-avenue
https://www.anytimemailbox.com/s/fayetteville-929-winchester-highway
https://www.anytimemailbox.com/s/odessa-15985-preserve-marketplace-blvd
https://www.anytimemailbox.com/s/phoenix-3104-e-camelback-road
https://www.anytimemailbox.com/s/kalispell-175-hutton-ranch-road
https://www.anytimemailbox.com/s/jonestown-18601-ranch-road-1431
https://www.anytimemailbox.com/s/apex-1457-kelly-road
https://www.anytimemailbox.com/s/jersey-city-111-town-square-place
https://www.anytimemailbox.com/s/mcallen-5121-n-mccoll-road
https://www.anytimemailbox.com/s/houston-4212-san-felipe-street
https://www.anytimemailbox.com/s/mukilteo-11700-mukilteo-speedway
https://www.anytimemailbox.com/s/golden-14143-denver-west-pkwy
https://www.anytimemailbox.com/s/fort-collins-2519-s-shields-street
https://www.anytimemailbox.com/s/harbor-city-1724-palos-verdes-drive-north
https://www.anytimemailbox.com/s/daly-city-100-los-olivos-ave
https://www.anytimemailbox.com/s/joliet-2405-essington-road
https://www.anytimemailbox.com/s/louisville-2210-goldsmith-lane
https://www.anytimemailbox.com/s/short-hills-514-millburn-avenue
https://www.anytimemailbox.com/s/las-vegas-5155-blue-diamond-road
https://www.anytimemailbox.com/s/franklin-square-315-franklin-avenue
https://www.anytimemailbox.com/s/miami-1861-nw-22nd-street
https://www.anytimemailbox.com/s/austin-701-tillery-street
https://www.anytimemailbox.com/s/luray-21-north-broad-street
https://www.anytimemailbox.com/s/houston-6804-s-texas-6
https://www.anytimemailbox.com/s/midlothian-13926-hull-street-road
https://www.anytimemailbox.com/s/baraboo-830-state-road-136
https://www.anytimemailbox.com/s/hiram-4215-jimmy-lee-smith-pkwy
https://www.anytimemailbox.com/s/houston-10904-scarsdale-blvd
https://www.anytimemailbox.com/s/gluckstadt-272-calhoun-station-parkway
https://www.anytimemailbox.com/s/houston-11330-huffmeister-road
https://www.anytimemailbox.com/s/katy-1708-spring-green-blvd
https://www.anytimemailbox.com/s/wytheville-800-east-main-street
https://www.anytimemailbox.com/s/chicago-4000-w-montrose-avenue
https://www.anytimemailbox.com/s/corona-1973-foothill-pkwy
https://www.anytimemailbox.com/s/clifton-377-valley-road
https://www.anytimemailbox.com/s/chicago-3838-n-ravenswood-ave
https://www.anytimemailbox.com/s/los-angeles-5850-w-3rd-street
https://www.anytimemailbox.com/s/naples-55-everglades-blvd-north
https://www.anytimemailbox.com/s/metaire-4955-w-napoleon-avenue
https://www.anytimemailbox.com/s/lauderhill-7860-w-commercial-blvd
https://www.anytimemailbox.com/s/katonah-282-katonah-avenue
https://www.anytimemailbox.com/s/durham-4723-fayetteville-road
https://www.anytimemailbox.com/s/fayetteville-2501-bragg-blvd
https://www.anytimemailbox.com/s/suffern-400-rella-blvd
https://www.anytimemailbox.com/s/las-vegas-1155-e-twain-avenue
https://www.anytimemailbox.com/s/west-palm-beach-6901-okeechobee-blvd
https://www.anytimemailbox.com/s/orlando-5366-central-florida-pkwy
https://www.anytimemailbox.com/s/easton-210-marlboro-avenue
https://www.anytimemailbox.com/s/katy-6725-s-fry-road
https://www.anytimemailbox.com/s/surprise-14545-w-grand-ave
https://www.anytimemailbox.com/s/jackson-4780-i-55-north
https://www.anytimemailbox.com/s/lake-city-110-joel-street
https://www.anytimemailbox.com/s/zephyrhills-38439-5th-ave
https://www.anytimemailbox.com/s/new-york-353-lexington-avenue
https://www.anytimemailbox.com/s/wilmington-3224-n-college-road
https://www.anytimemailbox.com/s/san-diego-1501-india-street
https://www.anytimemailbox.com/s/lake-elsinore-32295-mission-trail
https://www.anytimemailbox.com/s/houston-3733-westheimer-road
https://www.anytimemailbox.com/s/buellton-85-w-hwy-246
https://www.anytimemailbox.com/s/new-york-276-5th-avenue
https://www.anytimemailbox.com/s/greensboro-1633-new-garden-road
https://www.anytimemailbox.com/s/wayne-1536-state-route-23
https://www.anytimemailbox.com/s/glen-burnie-7310-ritchie-highway
https://www.anytimemailbox.com/s/huntington-beach-5904-warner-avenue
https://www.anytimemailbox.com/s/aventura-18117-biscayne-blvd
https://www.anytimemailbox.com/s/baton-rouge-6554-florida-blvd
https://www.anytimemailbox.com/s/raleigh-2920-forestville-road
https://www.anytimemailbox.com/s/irmo-11134-broad-river-road
https://www.anytimemailbox.com/s/bronx-460-e-fordham-road
https://www.anytimemailbox.com/s/royal-oak-220-s-main-st
https://www.anytimemailbox.com/s/austin-6705-us-highway-290
https://www.anytimemailbox.com/s/chicago-4422-n-ravenswood-ave
https://www.anytimemailbox.com/s/adrian-1360-w-maumee-street
https://www.anytimemailbox.com/s/asheboro-514-e-dixie-drive
https://www.anytimemailbox.com/s/dallas-7522-campbell-road
https://www.anytimemailbox.com/s/houston-14173-northwest-freeway
https://www.anytimemailbox.com/s/houston-4212-woodhead-street
https://www.anytimemailbox.com/s/milwaukee-777-n-jefferson-street
https://www.anytimemailbox.com/s/west-chester-1442-pottstown-pike
https://www.anytimemailbox.com/s/centralia-1121-harrison-avenue
https://www.anytimemailbox.com/s/chicago-1519-w-warren-blvd
https://www.anytimemailbox.com/s/stone-mountain-5055-memorial-drive-a
https://www.anytimemailbox.com/s/tucson-3075-n-swan-road
https://www.anytimemailbox.com/s/new-york-35-w-31st-street
https://www.anytimemailbox.com/s/pace-4966-pineview-ridge-drive
https://www.anytimemailbox.com/s/portland-2000-ne-42nd-avenue
https://www.anytimemailbox.com/s/peoria-9015-w-union-hills-drive
https://www.anytimemailbox.com/s/greenville-8595-pelham-road
https://www.anytimemailbox.com/s/surfside-beach-1413-hwy-17-s
https://www.anytimemailbox.com/s/scottsdale-13802-n-scottsdale-road
https://www.anytimemailbox.com/s/seattle-6727-martin-luther-king-jr-way-s
https://www.anytimemailbox.com/s/the-woodlands-7901-research-forest-drive
https://www.anytimemailbox.com/s/myrtle-beach-3100-dick-pond-road
https://www.anytimemailbox.com/s/los-angeles-2699-n-beachwood-drive
https://www.anytimemailbox.com/s/airmont-296-route-59
https://www.anytimemailbox.com/s/dixon-114-e-everett-street
https://www.anytimemailbox.com/s/fayetteville-305-trilith-parkway
