name,street,city,state,zip,price,link,rdi,CMRA
Arcadia - Huntington Dr,411 E Huntington Dr,Arcadia,CA,91006,US$9.99/month,https://www.anytimemailbox.com/s/arcadia-411-e-huntington-drive,Residential,N
New York - Rockefeller Plaza,45 Rockefeller Plaza,New York,NY,10111,US$49.00/month,https://www.anytimemailbox.com/s/new-york-rockefeller-center-45-rockefeller-plaza,Residential,N
Irvine - Corporate Park,92 Corporate Park,Irvine,CA,92606,US$8.89/month,https://www.anytimemailbox.com/s/irvine-92-corporate-park,Residential,N
Port Charlotte - Warren Ave,4410 Warren Ave,Port Charlotte,FL,33953,US$9.99/month,https://www.anytimemailbox.com/s/port-charlotte-4410-warren-avenue,Residential,N
Baton Rouge - 3rd St,440 3rd St,Baton Rouge,LA,70802,US$39.00/month,https://www.anytimemailbox.com/s/baton-rouge-440-3rd-street,Residential,N
Bozeman - Spanish Peak Dr,40 Spanish Peak Dr,Bozeman,MT,59718,US$14.99/month,https://www.anytimemailbox.com/s/bozeman-40-spanish-peak-drive,Residential,N
Sunrise - University Dr,4300 N University Dr,Sunrise,FL,33351,US$19.99/month,https://www.anytimemailbox.com/s/sunrise-4300-n-university-drive,Residential,N
Dallas - Noel Rd (13155),13155 Noel Road,Dallas,TX,75240,US$39.99/month,https://www.anytimemailbox.com/s/dallas-13155-noel-road,Residential,N
Fort Worth - Ray White Road,9500 Ray White Rd,Fort Worth,TX,76244,US$39.99/month,https://www.anytimemailbox.com/s/fort-worth-9500-ray-white-rd,Residential,N
Austin - Parmer Ln,6001 W Parmer Lane,Austin,TX,78727,US$10.99/month,https://www.anytimemailbox.com/s/austin-6001-w-parmer-lane,Residential,N
Asheville,125 S Lexington Ave,Asheville,NC,28801,US$12.99/month,https://www.anytimemailbox.com/s/asheville-125-s-lexington-avenue,Residential,N
Port Charlotte - Kings Hwy,2200 Kings Highway,Port Charlotte,FL,33980,US$9.99/month,https://www.anytimemailbox.com/s/port-charlotte-2200-kings-highway,Residential,N
Long Island City - 21st St (3164),3164 21st St #MAILBOX,Long Island City,NY,11106,US$9.99/month,https://www.anytimemailbox.com/s/long-island-city-3164-21st-street,Residential,N
Bronx - Westchester Ave,​1836 Westchester Ave,Bronx,NY,10472,US$14.99/month,https://www.anytimemailbox.com/s/bronx-1836-westchester-avenue,Residential,N
Dallas - Commerce St,701 Commerce St,Dallas,TX,75202,US$19.99/month,https://www.anytimemailbox.com/s/dallas-701-commerce-street,Residential,N
Knoxville - Cross Park Dr,9111 Cross Park Dr,Knoxville,TN,37923,US$9.99/month,https://www.anytimemailbox.com/s/knoxville-9111-cross-park-drive,Residential,N
Fort Mill - Hwy 21,3160 Hwy 21,Fort Mill,SC,29715,US$9.99/month,https://www.anytimemailbox.com/s/fort-mill-3160-hwy-21,Residential,N
Denver - Colorado Blvd,2000 S. Colorado Blvd.,Denver,CO,80222,US$31.49/month,https://www.anytimemailbox.com/s/denver-2000-s-colorado-blvd,Residential,N
Robbinsville,2360 Route 33,Robbinsville,NJ,08691,US$9.99/month,https://www.anytimemailbox.com/s/robbinsville-2360-route-33,Residential,N
League City - Main St,6011 W Main St,League City,TX,77573,US$14.99/month,https://www.anytimemailbox.com/s/league-city-6011-w-main-street,Residential,N
Astoria - 23rd Ave,2810 23rd Ave Unit #MAILBOX,Astoria,NY,11105,US$14.99/month,https://www.anytimemailbox.com/s/astoria-2810-23rd-avenue,Residential,N
Birmingham - 19th St,120 19th Street North Suite MAILBOX,Birmingham,AL,35203,US$39.00/month,https://www.anytimemailbox.com/s/birmingham-120-19th-street-north,Residential,N
Marstons Mills,3821 Falmouth Rd,Marstons Mills,MA,02648,US$15.99/month,https://www.anytimemailbox.com/s/marstons-mills-3821-falmouth-road,Residential,N
North Brunswick,643 Georges Rd,North Brunswick,NJ,08902,US$14.99/month,https://www.anytimemailbox.com/s/north-brunswick-643-georges-rd,Residential,N
Platte City,1302 Platte Falls Rd,Platte City,MO,64079,US$9.99/month,https://www.anytimemailbox.com/s/platte-city-1302-platte-falls-road,Residential,N
Bozeman - 22nd Ave,1800 S 22nd Ave,Bozeman,MT,59718,US$12.99/month,https://www.anytimemailbox.com/s/bozeman-1800-s-22nd-avenue,Residential,N
Baltimore - Lombard St,1400 W. Lombard Street,Baltimore,MD,21223,US$10.99/month,https://www.anytimemailbox.com/s/baltimore-1400-w-lombard-street,Residential,N
Bronx - Crotona Park,1490 Crotona Park E,Bronx,NY,10460,US$19.99/month,https://www.anytimemailbox.com/s/bronx-1490-crotona-park-e,Residential,N
Laconia,51 Elm St,Laconia,NH,03246,US$39.00/month,https://www.anytimemailbox.com/s/laconia-51-elm-street,Residential,N
Clayton,63 Sarazen Dr,Clayton,NC,27527,US$9.99/month,https://www.anytimemailbox.com/s/clayton-63-sarazen-drive,Residential,N
Leland,1108 New Pointe Blvd,Leland,NC,28451,US$9.99/month,https://www.anytimemailbox.com/s/leland-1108-new-pointe-blvd,Residential,N
Irvine - Harvard Ave,17595 Harvard Ave,Irvine,CA,92614,US$8.99/month,https://www.anytimemailbox.com/s/irvine-17595-harvard-avenue,Residential,N
Grapevine - State Hwy 26,1785 State Hwy 26,Grapevine,TX,76051,US$39.99/month,https://www.anytimemailbox.com/s/grapevine-1785-state-hwy-26,Residential,N
Conroe - Hwy 242,10160 Hwy 242,Conroe,TX,77385,US$14.99/month,https://www.anytimemailbox.com/s/conroe-10160-highway-242,Residential,N
Matawan - Matawan Rd,100 Matawan Rd,Matawan,NJ,07747,US$19.99/month,https://www.anytimemailbox.com/s/matawan-100-matawan-road,Residential,N
Dallas - McKinney Ave,3839 McKinney Avenue,Dallas,TX,75204-1488,US$14.99/month,https://www.anytimemailbox.com/s/dallas-3839-mckinney-avenue,Residential,N
Plano - Custer Rd,3000 Custer Road,Plano,TX,75075,US$12.99/month,https://www.anytimemailbox.com/s/plano-3000-custer-road,Residential,N
New York - Third Ave,2196 Third Ave,New York,NY,10035,US$24.99/month,https://www.anytimemailbox.com/s/new-york-2196-third-avenue,Residential,N
Lake Worth - Hypoluxo Rd,8927 Hypoluxo Rd,Lake Worth,FL,33467,US$9.99/month,https://www.anytimemailbox.com/s/lake-worth-8927-hypoluxo-road,Residential,N
Brooklyn - Bedford Ave (223),223 Bedford Ave,Brooklyn,NY,11211,US$18.99/month,https://www.anytimemailbox.com/s/brooklyn-223-bedford-avenue,Residential,N
Westmont,36 North Cass Ave Unit #MAILBOX,Westmont,IL,60559,US$9.99/month,https://www.anytimemailbox.com/s/westmont-36-north-cass-ave,Residential,N
Washington - Georgia Ave,6218 Georgia Ave N.W. Unit #MAILBOX,Washington,DC,20011,US$14.99/month,https://www.anytimemailbox.com/s/washington-6218-georgia-avenue-nw,Residential,N
East Windsor,859 US-130,East Windsor,NJ,08520,US$9.99/month,https://www.anytimemailbox.com/s/east-windsor-859-us-130,Residential,N
Chicago - Ravenswood Ave (3838),3838 N Ravenswood Ave Suite 100 #MAILBOX,Chicago,IL,60613,US$19.99/month,https://www.anytimemailbox.com/s/chicago-3838-n-ravenswood-ave,Residential,N
Fontana,14050 Cherry Ave,Fontana,CA,92337,US$9.99/month,https://www.anytimemailbox.com/s/fontana-14050-cherry-avenue,Residential,N
Dallas - Alpha Rd (5301),5301 Alpha Rd,Dallas,TX,75240,US$14.99/month,https://www.anytimemailbox.com/s/dallas-5301-alpha-road,Residential,N
Riverside - Van Buren Blvd (19510),19510 Van Buren Blvd,Riverside,CA,92508,US$9.99/month,https://www.anytimemailbox.com/s/riverside-19510-van-buren-blvd,Residential,N
Flower Mound,2450 Lakeside Pkwy,Flower Mound,TX,75022,US$14.99/month,https://www.anytimemailbox.com/s/flower-mound-2450-lakeside-pkwy,Residential,N
Temecula - Rancho California Rd,30650 Rancho California Rd Suite D406 #MAILBOX,Temecula,CA,92591,US$9.99/month,https://www.anytimemailbox.com/s/temecula-30650-rancho-california-road,Residential,N
San Diego - Shelter Island Dr,2907 Shelter Island Drive,San Diego,CA,92106,US$15.99/month,https://www.anytimemailbox.com/s/san-diego-2907-shelter-island-drive,Residential,N
Houston - Westview Dr,"10780 Westview Dr,",Houston,TX,77043,US$9.99/month,https://www.anytimemailbox.com/s/houston-10780-westview-drive,Residential,N
Baltimore - Calvert Street,10 N Calvert St,Baltimore,MD,21202,US$14.99/month,https://www.anytimemailbox.com/s/baltimore-10-n-calvert-street,Residential,N
Worcester,100 Front St,Worcester,MA,01608,US$49.99/month,https://www.anytimemailbox.com/s/worcester-100-front-street,Residential,N
Elizabeth,1077 North Ave,Elizabeth,NJ,07201,US$19.99/month,https://www.anytimemailbox.com/s/elizabeth-1077-north-avenue,Residential,N
New York - Broadway (42),42 Broadway,New York,NY,10004,US$9.99/month,https://www.anytimemailbox.com/s/new-york-42-broadway,Residential,N
Astoria - Astoria Blvd,2509 Astoria Blvd,Astoria,NY,11102,US$9.99/month,https://www.anytimemailbox.com/s/astoria-2509-astoria-boulevard,Residential,N
Gluckstadt,272 Calhoun Station Pkwy,Madison,MS,39110,US$17.99/month,https://www.anytimemailbox.com/s/gluckstadt-272-calhoun-station-parkway,Residential,N
Dallas - Pacific Ave,1910 Pacific Ave,Dallas,TX,75201,US$24.99/month,https://www.anytimemailbox.com/s/dallas-1910-pacific-avenue,Residential,N
La Jolla - Girard Ave,7514 Girard Ave,La Jolla,CA,92037,US$14.99/month,https://www.anytimemailbox.com/s/la-jolla-7514-girard-ave,Residential,N
Rolling Meadows,1701 Golf Rd Ste 3-300 #MAILBOX,Rolling Meadows,IL,60008,US$15.99/month,https://www.anytimemailbox.com/s/rolling-meadows-1701-golf-road-bldg-3,Residential,N
Houston - Westpark Dr,6220 Westpark Dr,Houston,TX,77057,US$19.99/month,https://www.anytimemailbox.com/s/houston-6220-westpark-drive,Residential,N
Arcadia - Duarte Rd,145 E Duarte Rd,Arcadia,CA,91006,US$11.99/month,https://www.anytimemailbox.com/s/arcadia-145-e-duarte-road,Residential,N
Port Washington,191 Main Street,Port Washington,NY,11050,US$8.99/month,https://www.anytimemailbox.com/s/port-washington-191-main-street,Residential,N
Matawan - Hwy 34,1070 NJ-34,Matawan,NJ,07747,US$12.99/month,https://www.anytimemailbox.com/s/matawan-1070-nj-34,Residential,N
Brewster - 12 Main St,12 Main St,Brewster,NY,10509,US$9.99/month,https://www.anytimemailbox.com/s/brewster-12-main-street,Residential,N
West Palm Beach - Rosemary Ave,700 S Rosemary Ave,West Palm Beach,FL,33401,US$69.00/month,https://www.anytimemailbox.com/s/west-palm-beach-700-s-rosemary-ave,Residential,N
Lumberton,156 S Main St,Lumberton,TX,77657,US$9.99/month,https://www.anytimemailbox.com/s/lumberton-95b-w-chance-road,Residential,N
Philadelphia - 2nd St,632 N 2nd St,Philadelphia,PA,19123,US$9.99/month,https://www.anytimemailbox.com/s/philadelphia-632-n-2nd-street,Residential,N
Largo,7381 114th Ave,Largo,FL,33773,US$13.99/month,https://www.anytimemailbox.com/s/largo-7381-114th-avenue,Residential,N
Anaheim - Center St,201 E Center St,Anaheim,CA,92805,US$7.99/month,https://www.anytimemailbox.com/s/anaheim-201-e-center-street,Residential,N
Dublin,6605 Longshore Street,Dublin,OH,43017-2774,US$19.99/month,https://www.anytimemailbox.com/s/dublin-6605-longshore-street,Residential,N
Kansas City - Pershing Road,215 W Pershing Rd,Kansas City,MO,64108,US$14.99/month,https://www.anytimemailbox.com/s/kansas-city-215-w-pershing-road,Residential,N
Brooklyn - Nostrand Ave,285 Nostrand Ave,Brooklyn,NY,11216,US$11.99/month,https://www.anytimemailbox.com/s/brooklyn-285-nostrand-avenue,Residential,N
Linthicum Heights,1190 Winterson Rd,Linthicum Heights,MD,21090,US$9.99/month,https://www.anytimemailbox.com/s/linthicum-heights-1190-winterson-road,Residential,N
Short Hills,514 Millburn Ave,Short Hills,NJ,07078,US$9.99/month,https://www.anytimemailbox.com/s/short-hills-514-millburn-avenue,Residential,N
New York - 118th St,152 E 118th St,New York,NY,10001,US$49.99/month,https://www.anytimemailbox.com/s/new-york-152-e-118th-st,Residential,N
Brooklyn - A Henry St,495 Henry St,Brooklyn,NY,11231,US$399.99/year,https://www.anytimemailbox.com/s/brooklyn-495a-henry-street,Residential,N
Bronx - Allerton Ave,1450 Allerton Ave,Bronx,NY,10469,US$19.99/month,https://www.anytimemailbox.com/s/bronx-1450-allerton-avenue,Residential,N
Little Neck,248-25 Northern Blvd,Little Neck,NY,11362,US$9.99/month,https://www.anytimemailbox.com/s/little-neck-248-25-northern-blvd,Residential,N
San Diego - 6th Ave,1111 6th Ave,San Diego,CA,92101,US$19.99/month,https://www.anytimemailbox.com/s/san-diego-1111-6th-ave,Residential,N
Palm Beach Gardens - PGA Blvd (4440),4440 PGA Blvd,Palm Beach Gardens,FL,33410,US$29.99/month,https://www.anytimemailbox.com/s/palm-beach-gardens-4440-pga-blvd,Residential,N
Austin - Research Blvd,10900 Research Blvd,Austin,TX,78759,US$20.00/month,https://www.anytimemailbox.com/s/austin-10900-research-blvd,Residential,N
Lake Charles,4459 Nelson Rd,Lake Charles,LA,70605,US$9.99/month,https://www.anytimemailbox.com/s/lake-charles-4459-nelson-road,Commercial,N
Wake Forest - Wake Union Church Rd,12400 Wake Union Church Rd,Wake Forest,NC,27587,US$9.99/month,https://www.anytimemailbox.com/s/wake-forest-12400-wake-union-church-road,Commercial,N
Burlington,1183 University Dr,Burlington,NC,27215,US$9.99/month,https://www.anytimemailbox.com/s/burlington-1183-university-drive,Commercial,N
Newbury Park,2639 Lavery Ct,Newbury Park,CA,91320,US$59.99/month,https://www.anytimemailbox.com/s/newbury-park-2639-lavery-court,Commercial,N
Youngsville,1170 US 1 Hwy,Youngsville,NC,27596,US$11.99/month,https://www.anytimemailbox.com/s/youngsville-1170-us-1-hwy,Commercial,N
Tracy - Tracy Blvd,2311 N Tracy Blvd Ste A #MAILBOX,Tracy,CA,95376,US$29.99/month,https://www.anytimemailbox.com/s/tracy-2311-n-tracy-boulevard,Commercial,N
Saint Paul,2136 Ford Parkway,Saint Paul,MN,55116,US$9.99/month,https://www.anytimemailbox.com/s/saint-paul-2136-ford-parkway,Commercial,N
Las Vegas - Sahara Ave (8465),8465 W Sahara Ave,Las Vegas,NV,89117,US$8.99/month,https://www.anytimemailbox.com/s/las-vegas-8465-w-sahara-ave,Commercial,N
Bridgewater,991 US-22,Bridgewater,NJ,08807,US$29.99/month,https://www.anytimemailbox.com/s/bridgewater-991-us-22,Commercial,N
Philadelphia - Broad St,3131 N. Broad St,Philadelphia,PA,19132,US$9.99/month,https://www.anytimemailbox.com/s/philadelphia-3131-n-broad-st,Commercial,N
Fair Oaks - Dewey Dr,5430 Dewey Dr,Fair Oaks,CA,95628,US$9.99/month,https://www.anytimemailbox.com/s/fair-oaks-5430-dewey-drive,Commercial,N
Folsom - Oak Ave Pkwy,9580 Oak Ave Pkwy,Folsom,CA,95630,US$9.99/month,https://www.anytimemailbox.com/s/folsom-9580-oak-ave-pkwy,Commercial,N
Gaithersburg - Montgomery Village Ave,18310 Montgomery Village Ave,Gaithersburg,MD,20879,US$9.99/month,https://www.anytimemailbox.com/s/gaithersburg-18310-montgomery-village-avenue,Commercial,N
San Diego - Newport Ave,4967 Newport Ave,San Diego,CA,92107,US$9.99/month,https://www.anytimemailbox.com/s/san-diego-4967-newport-avenue,Commercial,N
Fort Walton Beach - Beal Pkwy,913 N Beal Pkwy NW Ste A #MAILBOX,Fort Walton Beach,FL,32547,US$9.99/month,https://www.anytimemailbox.com/s/fort-walton-beach-913-n-beal-pkwy-nw,Commercial,N
Houston - Texas 6 Hwy,6804 Highway 6 S,Houston,TX,77083,US$15.99/month,https://www.anytimemailbox.com/s/houston-6804-s-texas-6,Commercial,N
Mansfield - E Broad Street (1671),1671 E Broad St,Mansfield,TX,76063,US$14.99/month,https://www.anytimemailbox.com/s/mansfield-1671-e-broad-street,Commercial,N
Leander,651 N. Highway 183,Leander,TX,78641,US$9.99/month,https://www.anytimemailbox.com/s/leander-651-n-us-183,Commercial,N
San Diego - Roll Dr,2498 Roll Dr,San Diego,CA,92154,US$9.99/month,https://www.anytimemailbox.com/s/san-diego-2498-roll-drive,Commercial,N
Jacksonville - Post St,2695 Post St,Jacksonville,FL,32204,US$19.99/month,https://www.anytimemailbox.com/s/jacksonville-2695-post-street,Commercial,N
Vero Beach - Beachland Blvd,505 Beachland Blvd,Vero Beach,FL,32963,US$9.99/month,https://www.anytimemailbox.com/s/vero-beach-505-beachland-blvd,Commercial,N
Las Vegas - Nellis Blvd,420 N Nellis Blvd,Las Vegas,NV,89110,US$14.99/month,https://www.anytimemailbox.com/s/las-vegas-420-n-nellis-blvd,Commercial,N
Houston - Kempwood Dr,10245 Kempwood Dr,Houston,TX,77043,US$9.99/month,https://www.anytimemailbox.com/s/houston-10245-kempwood-drive,Commercial,N
Irvine - Culver Dr,15333 Culver Dr,Irvine,CA,92604,US$9.99/month,https://www.anytimemailbox.com/s/irvine-15333-culver-drive,Commercial,N
New York - 2nd Ave,719 2nd Ave,New York,NY,10016,US$17.99/month,https://www.anytimemailbox.com/s/new-york-719-2nd-avenue,Commercial,N
Waltham - Moody St (280),280 Moody St,Waltham,MA,02453,US$49.99/month,https://www.anytimemailbox.com/s/waltham-280-moody-street,Commercial,N
Baltimore - Security Blvd,6340 Security Blvd,Baltimore,MD,21207,US$9.99/month,https://www.anytimemailbox.com/s/baltimore-6340-security-blvd,Commercial,N
Lyons,4242 1st Ave Unit #MAILBOX,Lyons,IL,60534,US$9.99/month,https://www.anytimemailbox.com/s/lyons-4242-1st-ave,Commercial,N
Satellite Beach,1790 Highway A1A,Satellite Beach,FL,32937,US$30.00/month,https://www.anytimemailbox.com/s/satellite-beach-1790-highway-a1a,Commercial,N
Corpus Christi,6537 S Staples St,Corpus Christi,TX,78413,US$11.99/month,https://www.anytimemailbox.com/s/corpus-christi-6537-s-staples-street,Commercial,N
Ooltewah,9515 Lee Hwy,Ooltewah,TN,37363,US$12.99/month,https://www.anytimemailbox.com/s/ooltewah-5032-ooltewah-ringgold-road,Commercial,N
Fairview,163 Town Pl,Fairview,TX,75069,US$14.99/month,https://www.anytimemailbox.com/s/fairview-163-town-place,Commercial,N
Oakbrook Terrace,1 Mid America Plaza 3rd Fl #MAILBOX,Oakbrook Terrace,IL,60181,US$64.99/month,https://www.anytimemailbox.com/s/oakbrook-terrace-1-mid-america-plaza,Commercial,N
Pinehurst,222 Central Park Ave,Pinehurst,NC,28374,US$9.99/month,https://www.anytimemailbox.com/s/pinehurst-222-central-park-avenue,Commercial,N
Mooresville - Brawley School Rd,631 Brawley School Rd,Mooresville,NC,28117,US$7.99/month,https://www.anytimemailbox.com/s/mooresville-631-brawley-school-road,Commercial,N
Miami - Brickell Ave (1000),1000 Brickell Avenue,Miami,FL,33131,US$15.00/month,https://www.anytimemailbox.com/s/miami-1000-brickell-avenue,Commercial,N
Macedonia,8210 Macedonia Commons Blvd,Macedonia,OH,44056,US$9.99/month,https://www.anytimemailbox.com/s/macedonia-8210-macedonia-commons-blvd,Commercial,N
Miami Beach - Michigan Ave,1680 Michigan Ave,Miami Beach,FL,33139,US$24.99/month,https://www.anytimemailbox.com/s/miami-beach-1680-michigan-ave,Commercial,N
Concord - George W Liles Pkwy,350 George W Liles Pkwy NW,Concord,NC,28027,US$7.99/month,https://www.anytimemailbox.com/s/concord-350-george-w-liles-pkwy-nw,Commercial,N
Fort Worth - Bowie Bl,4455 Camp Bowie Blvd,Fort Worth,TX,76107,US$9.99/month,https://www.anytimemailbox.com/s/fort-worth-4455-camp-bowie-blvd,Commercial,N
Augusta,126 Western Ave,Augusta,ME,04330,US$9.99/month,https://www.anytimemailbox.com/s/augusta-126-western-avenue,Commercial,N
Sewell - Egg Harbor Rd,288 Egg Harbor Rd,Sewell,NJ,08080,US$9.99/month,https://www.anytimemailbox.com/s/sewell-288-egg-harbor-road,Commercial,N
Wake Forest - Capital Blvd (11216),11216 Capital Blvd,Wake Forest,NC,27587,US$9.99/month,https://www.anytimemailbox.com/s/wake-forest-11216-capital-blvd,Commercial,N
Columbia - Woodside Ct,6325 Woodside Ct,Columbia,MD,21046,US$9.99/month,https://www.anytimemailbox.com/s/columbia-6325-woodside-court,Commercial,N
Katy - Highland Knolls Dr,21040 Highland Knolls Dr,Katy,TX,77450,US$9.99/month,https://www.anytimemailbox.com/s/katy-21040-highland-knolls-drive,Commercial,N
Hudson,13700 Little Rd Unit #MAILBOX,Hudson,FL,34667,US$12.99/month,https://www.anytimemailbox.com/s/hudson-13700-little-road,Commercial,N
Plano - Alma Dr,7801 Alma Dr,Plano,TX,75025,US$12.00/month,https://www.anytimemailbox.com/s/plano-7801-alma-drive,Commercial,N
Wilmington - College Rd,3224 N College Rd,Wilmington,NC,28405,US$9.99/month,https://www.anytimemailbox.com/s/wilmington-3224-n-college-road,Commercial,N
Chula Vista - Eastlake Parkway,1741 Eastlake Parkway,Chula Vista,CA,91915,US$9.99/month,https://www.anytimemailbox.com/s/chula-vista-1741-eastlake-parkway,Commercial,N
Biloxi,296 Beauvoir Rd,Biloxi,MS,39531,US$12.99/month,https://www.anytimemailbox.com/s/biloxi-296-beauvoir-road,Commercial,N
Dallas - Forest Ln (7777),7777 Forest Ln,Dallas,TX,75230,US$11.99/month,https://www.anytimemailbox.com/s/dallas-7777-forest-ln,Commercial,N
Rancho Santa Margarita,31441 Santa Margarita Pkwy,Rancho Santa Margarita,CA,92688,US$9.99/month,https://www.anytimemailbox.com/s/rancho-santa-margarita-31441-santa-margarita-pkwy,Commercial,N
Albuquerque - Vista Oeste,2105 Vista Oeste NW,Albuquerque,NM,87120,US$11.49/month,https://www.anytimemailbox.com/s/albuquerque-2105-vista-oeste-nw,Commercial,N
Stonewall,671 Highway 171,Stonewall,LA,71078,US$9.99/month,https://www.anytimemailbox.com/s/stonewall-671-highway-171,Commercial,N
Pleasanton - Sunol Blvd,5424 Sunol Blvd,Pleasanton,CA,94566,US$9.99/month,https://www.anytimemailbox.com/s/pleasanton-5424-sunol-blvd,Commercial,N
Chicago - Stetson Ave,180 N Stetson Ave 35th Floor #MAILBOX,Chicago,IL,60601,US$19.99/month,https://www.anytimemailbox.com/s/chicago-180-n-stetson-ave,Commercial,N
Tinton Falls,106 Apple St,Tinton Falls,NJ,07724,US$29.00/month,https://www.anytimemailbox.com/s/tinton-falls-106-apple-street,Commercial,N
Melbourne - Stack Blvd,4880 Stack Blvd,Melbourne,FL,32901,US$9.99/month,https://www.anytimemailbox.com/s/melbourne-4880-stack-blvd,Commercial,N
Cottonwood Shores,4315 W FM2147,Cottonwood Shores,TX,78657,US$9.99/month,https://www.anytimemailbox.com/s/cottonwood-shores-4315-w-fm2147,Commercial,N
Miami - Ives Dairy Rd,1031 Ives Dairy Road,Miami,FL,33179,US$29.99/month,https://www.anytimemailbox.com/s/miami-1031-ives-dairy-road,Commercial,N
Fontana - Baseline Ave,16049 Baseline Ave,Fontana,CA,92336,US$12.99/month,https://www.anytimemailbox.com/s/fontana-16049-baseline-avenue,Commercial,N
Slidell - Robert Blvd,769 Robert Blvd,Slidell,LA,70458,US$9.99/month,https://www.anytimemailbox.com/s/slidell-753-robert-blvd,Commercial,N
Dresher,1650 Limekiln Pike,Dresher,PA,19025,US$14.99/month,https://www.anytimemailbox.com/s/dresher-1650-limekiln-pike,Commercial,N
Southfield - Southfield Rd,29532 Southfield Rd,Southfield,MI,48076,US$49.99/month,https://www.anytimemailbox.com/s/southfield-29532-southfield-road,Commercial,N
Irving - Las Colinas Blvd,391 Las Colinas Blvd E,Irving,TX,75039,US$9.99/month,https://www.anytimemailbox.com/s/irving-391-las-colinas-blvd-east,Commercial,N
Boulder - Arapahoe Ave (2525),2525 Arapahoe Ave,Boulder,CO,80302,US$9.99/month,https://www.anytimemailbox.com/s/boulder-2525-arapahoe-avenue,Commercial,N
Houston - Westcenter Dr,3707 Westcenter Dr,Houston,TX,77042,US$14.99/month,https://www.anytimemailbox.com/s/houston-3707-westcenter-drive,Commercial,N
Ukiah,1107 S State St Unit #MAILBOX,Ukiah,CA,95482,US$10.99/month,https://www.anytimemailbox.com/s/ukiah-1107-s-state-st,Commercial,N
Temecula - Temecula Pkwy (31165),31165 Temecula Pkwy Suite G3 Unit #MAILBOX,Temecula,CA,92592,US$9.99/month,https://www.anytimemailbox.com/s/temecula-31165-temecula-parkway,Commercial,N
Dallas - Camp Wisdom Road,3917 W Camp Wisdom Rd,Dallas,TX,75237,US$9.99/month,https://www.anytimemailbox.com/s/dallas-3917-w-camp-wisdom-road,Commercial,N
Tampa - Zack St,610 E Zack St,Tampa,FL,33602,US$19.99/month,https://www.anytimemailbox.com/s/tampa-610-e-zack-street,Commercial,N
Inglewood - Centinela Ave,1601 Centinela Ave,Inglewood,CA,90302,US$12.99/month,https://www.anytimemailbox.com/s/inglewood-1601-centinela-avenue,Commercial,N
Houston - Huffmeister Rd,14150 Huffmeister Rd,Cypress,TX,77429,US$14.99/month,https://www.anytimemailbox.com/s/houston-11330-huffmeister-road,Commercial,N
Southfield - 10 Mile Rd (15900),15900 W 10 Mile Rd,Southfield,MI,48075,US$9.99/month,https://www.anytimemailbox.com/s/southfield-15900-w-10-mile-road,Commercial,N
Houston - Bissonnet St,2726 Bissonnet St,Houston,TX,77005,US$9.99/month,https://www.anytimemailbox.com/s/houston-2726-bissonnet-street,Commercial,N
League City - League City Pkwy,2640 E League City Pkwy,League City,TX,77573,US$9.99/month,https://www.anytimemailbox.com/s/league-city-2640-e-league-city-pkwy,Commercial,N
Grandville,4370 Chicago Drive SW,Grandville,MI,49418,US$10.99/month,https://www.anytimemailbox.com/s/grandville-4370-chicago-drive-sw,Commercial,N
Miami - Brickell Ave (1200),1200 Brickell Ave,Miami,FL,33131,US$49.99/month,https://www.anytimemailbox.com/s/miami-1200-brickell-avenue,Commercial,N
Kansas City - Pennsylvania Ave,4050 Pennsylvania Ave,Kansas City,MO,64111-3041,US$11.99/month,https://www.anytimemailbox.com/s/kansas-city-4050-pennsylvania-avenue,Commercial,N
Dayton,485 Georges Rd,Dayton,NJ,08810,US$9.99/month,https://www.anytimemailbox.com/s/dayton-485-georges-road,Commercial,N
Nottingham,7698 Belair Rd,Nottingham,MD,21236,US$11.99/month,https://www.anytimemailbox.com/s/nottingham-7698-belair-road,Commercial,N
Palm Springs - Forest Hill Blvd,4056 Forest Hill Blvd,Palm Springs,FL,33406,US$9.99/month,https://www.anytimemailbox.com/s/palm-springs-4056-forest-hill-blvd,Commercial,N
Las Vegas - Twain Ave,1155 E Twain Ave,Las Vegas,NV,89169,US$9.99/month,https://www.anytimemailbox.com/s/las-vegas-1155-e-twain-avenue,Commercial,N
Charlotte - Independence Blvd,7308 E Independence Blvd,Charlotte,NC,28227,US$12.99/month,https://www.anytimemailbox.com/s/charlotte-7308-east-independence-blvd,Commercial,N
Chula Vista - Third Ave,247 Third Ave,Chula Vista,CA,91910,US$9.99/month,https://www.anytimemailbox.com/s/chula-vista-247-third-ave,Commercial,N
Pearland - Pearland Pkwy,1853 Pearland Pkwy,Pearland,TX,77581,US$11.99/month,https://www.anytimemailbox.com/s/pearland-1853-pearland-pkwy,Commercial,N
Citrus Heights,7451 Auburn Blvd,Citrus Heights,CA,95610,US$8.99/month,https://www.anytimemailbox.com/s/citrus-heights-7451-auburn-blvd,Commercial,N
Sacramento - Marconi Ave,4343 Marconi Ave,Sacramento,CA,95821,US$9.99/month,https://www.anytimemailbox.com/s/sacramento-4343-marconi-ave,Commercial,N
Naples - Collier Blvd,15275 Collier Blvd,Naples,FL,34119,US$19.99/month,https://www.anytimemailbox.com/s/naples-15275-collier-blvd,Commercial,N
Houston - Cypress Creek Pkwy,3707 Cypress Creek Pkwy,Houston,TX,77068,US$39.99/month,https://www.anytimemailbox.com/s/houston-3707-cypress-creek-pkwy,Commercial,N
Plano - 14th St,2100 14th St,Plano,TX,75074,US$9.99/month,https://www.anytimemailbox.com/s/plano-2100-14th-street,Commercial,N
Modesto - Dale Rd,4120 Dale Rd,Modesto,CA,95356,US$14.99/month,https://www.anytimemailbox.com/s/modesto-4120-dale-road,Commercial,N
Nashville - Murfreesboro Pike,1161 Murfreesboro Pike,Nashville,TN,37217,US$14.99/month,https://www.anytimemailbox.com/s/nashville-1161-murfreesboro-pike,Commercial,N
Dayton,4155 Rhea County Hwy,Dayton,TN,37321,US$11.99/month,https://www.anytimemailbox.com/s/dayton-4155-rhea-county-hwy,Commercial,N
Edison - Talmadge Rd,180 Talmadge Rd,Edison,NJ,08817,US$9.99/month,https://www.anytimemailbox.com/s/edison-180-talmadge-road,Commercial,N
Airmont,296 Route 59,Airmont,NY,10901,US$25.00/month,https://www.anytimemailbox.com/s/airmont-296-route-59,Commercial,N
Denton - Lillian Miller Pkwy,3115 Lillian Miller Pkwy,Denton,TX,76210,US$9.99/month,https://www.anytimemailbox.com/s/denton-3115-lillian-miller-parkway,Commercial,N
Hampstead,201 Alston Blvd,Hampstead,NC,28443,US$9.99/month,https://www.anytimemailbox.com/s/hampstead-201-alston-blvd,Commercial,N
Fort Worth - Boat Club Rd,8101 Boat Club Rd,Fort Worth,TX,76179,US$9.99/month,https://www.anytimemailbox.com/s/fort-worth-8101-boat-club-road,Commercial,N
Miami Beach - Lincoln Rd,407 Lincoln Rd,Miami Beach,FL,33139,US$14.99/month,https://www.anytimemailbox.com/s/miami-beach-407-lincoln-road,Commercial,N
Fort Worth - Western Center Blvd,4364 Western Center Blvd,Fort Worth,TX,76137,US$9.99/month,https://www.anytimemailbox.com/s/fort-worth-4364-western-center-blvd,Commercial,N
Palm Desert - Country Club Dr,74924 Country Club Dr,Palm Desert,CA,92260,US$12.99/month,https://www.anytimemailbox.com/s/palm-desert-74924-country-club-drive,Commercial,N
Cleveland - Shaker Blvd (11201),11201 Shaker Blvd,Cleveland,OH,44104,US$12.99/month,https://www.anytimemailbox.com/s/cleveland-11201-shaker-blvd,Commercial,N
Columbia - Twin Knolls Rd,5457 Twin Knolls Rd,Columbia,MD,21045,US$9.99/month,https://www.anytimemailbox.com/s/columbia-5457-twin-knolls-road,Commercial,N
Las Vegas - Farm Rd,8414 W Farm Rd,Las Vegas,NV,89131,US$9.99/month,https://www.anytimemailbox.com/s/las-vegas-8414-w-farm-road,Commercial,N
Castaic,31583 Castaic Rd Ste C #MAILBOX,Castaic,CA,91384,US$9.99/month,https://www.anytimemailbox.com/s/castaic-31583-castaic-road,Commercial,N
Dillon,265 Dillon Ridge Rd Ste C #MAILBOX,Dillon,CO,80435,US$9.99/month,https://www.anytimemailbox.com/s/dillon-265-dillon-ridge-road,Commercial,N
Katy - Cinco Ranch Blvd,23144 Cinco Ranch Blvd,Katy,TX,77494,US$12.99/month,https://www.anytimemailbox.com/s/katy-23144-cinco-ranch-blvd,Commercial,N
North Las Vegas - N Commerce St,6355 N Commerce St,North Las Vegas,NV,89031,US$7.99/month,https://www.anytimemailbox.com/s/north-las-vegas-6355-n-commerce-street,Commercial,N
Ponte Vedra,90 Fort Wade Rd,Ponte Vedra,FL,32081,US$63.99/month,https://www.anytimemailbox.com/s/ponta-vedra-90-fort-wade-road,Commercial,N
San Clemente - Avenida Pico,806 Avenida Pico,San Clemente,CA,92673,US$14.99/month,https://www.anytimemailbox.com/s/san-clemente-806-avenida-pico,Commercial,N
Tulsa - 91st St,4785 E 91st St,Tulsa,OK,74137,US$11.99/month,https://www.anytimemailbox.com/s/tulsa-4785-e-91st-street,Commercial,N
Colorado Springs - Research Pkwy,3472 Research Pkwy,Colorado Springs,CO,80920,US$9.99/month,https://www.anytimemailbox.com/s/colorado-springs-3472-research-pkwy,Commercial,N
Ada,6749 Fulton St E,Ada,MI,49301,US$9.99/month,https://www.anytimemailbox.com/s/ada-6749-fulton-street-east,Commercial,N
Amherst,4498 Main St,Amherst,NY,14226,US$9.99/month,https://www.anytimemailbox.com/s/amherst-4498-main-street,Commercial,N
Rocky Point,678 N Country Rd,Rocky Point,NY,11778,US$9.99/month,https://www.anytimemailbox.com/s/rocky-point-678-n-country-road,Commercial,N
Indio,49950 Jefferson St,Indio,CA,92201,US$25.00/month,https://www.anytimemailbox.com/s/indio-49950-jefferson-street,Commercial,N
Boca Raton - Clint Moore Rd,2901 Clint Moore Rd Unit #MAILBOX,Boca Raton,FL,33496,US$19.99/month,https://www.anytimemailbox.com/s/boca-raton-2901-clint-moore-road,Commercial,N
Philadelphia - Cathedral Rd,701 E Cathedral Rd,Philadelphia,PA,19128,US$9.99/month,https://www.anytimemailbox.com/s/philadelphia-701-e-cathedral-road,Commercial,N
Rancho Mirage - Bob Hope Dr,36101 Bob Hope Dr,Rancho Mirage,CA,92270,US$12.99/month,https://www.anytimemailbox.com/s/rancho-mirage-36101-bob-hope-drive,Commercial,N
Davis - Covell Blvd,1520 E COVELL BLVD,Davis,CA,95616,US$9.99/month,https://www.anytimemailbox.com/s/davis-1520-e-covell-blvd,Commercial,N
Raleigh - Glenwood Ave,4801 Glenwood Ave,Raleigh,NC,27612,US$39.99/month,https://www.anytimemailbox.com/s/raleigh-4801-glenwood-avenue,Commercial,N
Concord - Oak Grove Rd,785 Oak Grove Rd,Concord,CA,94518,US$9.99/month,https://www.anytimemailbox.com/s/concord-785-oak-grove-road,Commercial,N
Columbia - Lady St,1122 Lady St,Columbia,SC,29201,US$19.99/month,https://www.anytimemailbox.com/s/columbia-1122-lady-street,Commercial,N
Henderson - Sunset Rd,1540 W Sunset Rd,Henderson,NV,89014,US$9.99/month,https://www.anytimemailbox.com/s/henderson-1540-w-sunset-road,Commercial,N
Cypress - Mason Rd,15201 Mason Rd,Cypress,TX,77433,US$9.99/month,https://www.anytimemailbox.com/s/cypress-15201-mason-road,Commercial,N
Billings - 27th St,821 N 27th St,Billings,MT,59101,US$14.99/month,https://www.anytimemailbox.com/s/billings-821-n-27th-street,Commercial,N
New York City - Madison Ave,167 Madison Avenue,New York City,NY,10016,US$14.99/month,https://www.anytimemailbox.com/s/new-york-city-167-madison-avenue,Commercial,N
Edison - Kilmer Rd,6 Kilmer Rd,Edison,NJ,08817,US$14.99/month,https://www.anytimemailbox.com/s/edison-6-kilmer-road,Commercial,N
San Diego - Fenton Pkwy,2307 Fenton Pkwy,San Diego,CA,92108,US$11.99/month,https://www.anytimemailbox.com/s/san-diego-2307-fenton-parkway,Commercial,N
Fairview Heights - N Illinois St,4610A N Illinois St Unit #MAILBOX,Fairview Heights,IL,62208,US$8.99/month,https://www.anytimemailbox.com/s/fairview-heights-4610a-n-illinois-street,Commercial,N
Pace - Pineview Ridge Drive,4966 Pineview Ridge Dr,Pace,FL,32571,US$18.99/month,https://www.anytimemailbox.com/s/pace-4966-pineview-ridge-drive,Commercial,N
Las Vegas - Durango Dr (8090),8090 S Durango Dr,Las Vegas,NV,89113,US$9.99/month,https://www.anytimemailbox.com/s/las-vegas-8090-s-durango-drive,Commercial,N
Malibu,30745 Pacific Coast Hwy,Malibu,CA,90265,US$24.99/month,https://www.anytimemailbox.com/s/malibu-30745-pacific-coast-hwy,Commercial,N
Fort Worth - Taylor St,640 Taylor St,Fort Worth,TX,76102,US$59.99/month,https://www.anytimemailbox.com/s/fort-worth-640-taylor-street,Commercial,N
Lincoln - O St,1201 O St,Lincoln,NE,68508,US$14.99/month,https://www.anytimemailbox.com/s/lincoln-1201-o-street,Commercial,N
Frederick,1209 North East St,Frederick,MD,21701,US$19.99/month,https://www.anytimemailbox.com/s/frederick-1209-north-east-street,Commercial,N
Honolulu - Hobron Ln,438 Hobron Ln PH1,Honolulu,HI,96815,US$14.99/month,https://www.anytimemailbox.com/s/honolulu-438-hobron-lane,Commercial,N
Smyrna,74 E Glenwood Ave Unit #MAILBOX,Smyrna,DE,19977,US$8.99/month,https://www.anytimemailbox.com/s/smyrna-74-e-glenwood-avenue,Commercial,N
Arden,4 Long Shoals Road,Arden,NC,28704,US$9.99/month,https://www.anytimemailbox.com/s/arden-4-long-shoals-road,Commercial,N
Fort Worth - Hulen St,3000 S. Hulen Street,Fort Worth,TX,76109,US$9.99/month,https://www.anytimemailbox.com/s/fort-worth-3000-s-hulen-street,Commercial,N
Bee Cave,12600 Hill Country Blvd,Bee Cave,TX,78738,US$9.99/month,https://www.anytimemailbox.com/s/bee-cave-12600-hill-country-blvd,Commercial,N
Flowery Branch,5900 Spout Springs Rd Unit #3C-MAILBOX,Flowery Branch,GA,30542,US$9.99/month,https://www.anytimemailbox.com/s/flowery-branch-5900-spout-springs-road,Commercial,N
San Jose - Garland Ave,1043 Garland Ave,San Jose,CA,95126-3159,US$10.00/month,https://www.anytimemailbox.com/s/san-jose-1043-garland-ave,Commercial,N
Portland - Middle Street,16 Middle St,Portland,ME,04101,US$29.99/month,https://www.anytimemailbox.com/s/portland-16-middle-street,Commercial,N
Denver - Bannock St,1001 Bannock St,Denver,CO,80204,US$19.99/month,https://www.anytimemailbox.com/s/denver-1001-bannock-street,Commercial,N
Bowie,12530 Fairwood Pkwy,Bowie,MD,20720,US$9.99/month,https://www.anytimemailbox.com/s/bowie-12530-fairwood-pkwy,Commercial,N
Los Angeles - Olympic Blvd (3003-205),3003 W Olympic Blvd Ste 205 Unit #MAILBOX,Los Angeles,CA,90006,US$14.99/month,https://www.anytimemailbox.com/s/los-angeles-3003-205-w-olympic-blvd,Commercial,N
Columbia - Bush River Rd,652 Bush River Rd,Columbia,SC,29210,US$9.99/month,https://www.anytimemailbox.com/s/columbia-652-bush-river-road,Commercial,N
Costa Mesa,427 East 17th Street,Costa Mesa,CA,92627,US$12.99/month,https://www.anytimemailbox.com/s/costa-mesa-427-east-17th-street,Commercial,N
Dallas - Singleton Blvd,2231 Singleton Blvd,Dallas,TX,75212,US$11.99/month,https://www.anytimemailbox.com/s/dallas-2231-singleton-blvd,Commercial,N
DeSoto,1670 N Hampton Rd,DeSoto,TX,75115,US$29.99/month,https://www.anytimemailbox.com/s/desoto-1670-n-hampton-road,Commercial,N
Mint Hill,11300 Lawyers Rd,Mint Hill,NC,28227,US$9.99/month,https://www.anytimemailbox.com/s/mint-hill-11300-lawyers-road,Commercial,N
Johnson City,4307 N Roan St,Johnson City,TN,37615,US$11.99/month,https://www.anytimemailbox.com/s/johnson-city-4307-n-roan-street,Commercial,N
Newark - Jefferson St,188 Jefferson Street,Newark,NJ,07105,US$17.99/month,https://www.anytimemailbox.com/s/newark-188-jefferson-street,Commercial,N
Olive Branch,6229 Hwy 305,Olive Branch,MS,38654,US$14.99/month,https://www.anytimemailbox.com/s/olive-branch-6229-hwy-305,Commercial,N
Charlotte - Lancaster Hwy (16131),16131 Lancaster Hwy,Charlotte,NC,28277,US$11.99/month,https://www.anytimemailbox.com/s/charlotte-16131-lancaster-hwy,Commercial,N
Surfside Beach - Beaver Run Blvd,2734 Beaver Run Blvd,Surfside Beach,SC,29575,US$9.99/month,https://www.anytimemailbox.com/s/surfside-beach-2734-beaver-run-blvd,Commercial,N
Lawrenceville - Lawrenceville Hwy,1575 Lawrenceville Hwy Ste K #MAILBOX,Lawrenceville,GA,30044,US$14.99/month,https://www.anytimemailbox.com/s/lawrenceville-1575-lawrenceville-hwy,Commercial,N
Melville,445 Broad Hollow Rd,Melville,NY,11747,US$41.99/month,https://www.anytimemailbox.com/s/melville-445-broad-hollow-road,Commercial,N
Anaheim - Ball Rd,1720 W Ball Rd,Anaheim,CA,92804,US$9.99/month,https://www.anytimemailbox.com/s/anaheim-1720-w-ball-road,Commercial,N
Charlotte - WT Harris Blvd,5820 E W.T. Harris Blvd,Charlotte,NC,28215,US$9.99/month,https://www.anytimemailbox.com/s/charlotte-5820-e-wt-harris-blvd,Commercial,N
San Diego - Metropolitan Dr,7580 Metropolitan Dr,San Diego,CA,92108,US$12.99/month,https://www.anytimemailbox.com/s/san-diego-7580-metropolitan-drive,Commercial,N
Milford,415 Boston Post Rd Ste 3-MAILBOX,Milford,CT,06460,US$9.99/month,https://www.anytimemailbox.com/s/milford-415-boston-post-road,Commercial,N
Atlanta - Peachtree Rd (3379),3379 Peachtree Rd NE Ste 700 #MAILBOX,Atlanta,GA,30326,US$49.99/month,https://www.anytimemailbox.com/s/atlanta-3379-peachtree-road-ne,Commercial,N
Orlando - Curry Ford Rd,10226 Curry Ford Rd,Orlando,FL,32825,US$9.99/month,https://www.anytimemailbox.com/s/orlando-10226-curry-ford-road,Commercial,N
Riverdale - Baltimore Ave,6200 Baltimore Ave,Riverdale,MD,20737,US$9.99/month,https://www.anytimemailbox.com/s/riverdale-6200-baltimore-avenue,Commercial,N
Mckinney - Eldorado Pkwy,6150 Eldorado Pkwy,Mckinney,TX,75070,US$11.99/month,https://www.anytimemailbox.com/s/mckinney-6150-eldorado-pkwy,Commercial,N
Colorado Springs - Austin Bluffs Pkwy,3609 Austin Bluffs Parkway,Colorado Springs,CO,80918,US$9.99/month,https://www.anytimemailbox.com/s/colorado-springs-3609-austin-bluffs-parkway,Commercial,N
Hackettstown - Schooleys Mountain Rd,470 Schooleys Mountain Road,Hackettstown,NJ,07840-4096,US$9.99/month,https://www.anytimemailbox.com/s/hackettstown-470-schooleys-mountain-road,Commercial,N
Oxnard,1000 Town Center Dr,Oxnard,CA,93036,US$34.99/month,https://www.anytimemailbox.com/s/oxnard-1000-town-center-drive,Commercial,N
Orlando - Orange Ave,37 N Orange Ave,Orlando,FL,32801,US$19.99/month,https://www.anytimemailbox.com/s/orlando-37-n-orange-ave,Commercial,N
La Vergne,6001 Jackson Square Blvd,La Vergne,TN,37086,US$14.99/month,https://www.anytimemailbox.com/s/la-vergne-6001-jackson-square-blvd,Commercial,N
Darien,320 Boston Post Rd Suite 180-MAILBOX,Darien,CT,06820,US$55.00/month,https://www.anytimemailbox.com/s/darien-320-boston-post-road,Commercial,N
Sarasota - Beneva Rd,935 N Beneva Rd,Sarasota,FL,34232,US$11.99/month,https://www.anytimemailbox.com/s/sarasota-935-n-beneva-road,Commercial,N
Pennsville,251 N Broadway,Pennsville,NJ,08070,US$9.99/month,https://www.anytimemailbox.com/s/pennsville-251-n-broadway,Commercial,N
Duncanville - Main St,214 S Main St,Duncanville,TX,75116,US$11.95/month,https://www.anytimemailbox.com/s/duncanville-214-s-main-street,Commercial,N
Sacramento - Madison Ave,5015 Madison Ave.,Sacramento,CA,95841,US$9.99/month,https://www.anytimemailbox.com/s/sacramento-5015-madison-ave,Commercial,N
Tampa - Laurel St,5005 W Laurel St,Tampa,FL,33607,US$8.99/month,https://www.anytimemailbox.com/s/tampa-5005-w-laurel-street,Commercial,N
Cathedral City - Palm Canyon Dr,68718 E Palm Canyon Dr,Cathedral City,CA,92234,US$9.99/month,https://www.anytimemailbox.com/s/cathedral-city-68718-e-palm-canyon-drive,Commercial,N
Hackettstown - Main St,78 Main St,Hackettstown,NJ,07840,US$9.99/month,https://www.anytimemailbox.com/s/hackettstown-78-main-street,Commercial,N
Houston - SW Fwy,7324 Southwest Freeway,Houston,TX,77074,US$19.99/month,https://www.anytimemailbox.com/s/houston-7324-southwest-freeway,Commercial,N
Orlando - Magnolia Ave,924 N Magnolia Ave,Orlando,FL,32803,US$9.99/month,https://www.anytimemailbox.com/s/orlando-924-n-magnolia-avenue,Commercial,N
St Charles,3324 Rue Royale St,St Charles,MO,63301,US$19.99/month,https://www.anytimemailbox.com/s/st-charles-3324-rue-royale-street,Commercial,N
Dallas - Midway Rd,13740 Midway Rd,Dallas,TX,75244,US$24.99/month,https://www.anytimemailbox.com/s/dallas-13740-midway-roadway,Commercial,N
Naples - Vanderbilt Beach Rd,2430 Vanderbilt Beach Rd,Naples,FL,34109,US$19.99/month,https://www.anytimemailbox.com/s/naples-2430-vanderbilt-beach-rd,Commercial,N
Jacksonville - Gate Pkwy,7643 Gate Pkwy Ste 104-MAILBOX,Jacksonville,FL,32256,US$12.99/month,https://www.anytimemailbox.com/s/jacksonville-7643-gate-pkwy,Commercial,N
Glen Burnie - Ritchie Hwy,7310 Ritchie Hwy,Glen Burnie,MD,21061,US$9.99/month,https://www.anytimemailbox.com/s/glen-burnie-7310-ritchie-highway,Commercial,N
Longview,2309 Gilmer Rd,Longview,TX,75604,US$9.99/month,https://www.anytimemailbox.com/s/longview-2309-gilmer-road,Commercial,N
Bronx - Washington Ave,2260 Washington Ave,Bronx,NY,10457,US$11.99/month,https://www.anytimemailbox.com/s/bronx-2260-washington-avenue,Commercial,N
Columbia - Main St,1901 Main St,Columbia,SC,29201,US$39.99/month,https://www.anytimemailbox.com/s/columbia-1901-main-street,Commercial,N
Tinley Park,16649 Oak Park Ave Ste H #MAILBOX,Tinley Park,IL,60477,US$11.99/month,https://www.anytimemailbox.com/s/tinley-park-16649-oak-park-ave,Commercial,N
Panama City - Promenade St,950 Promenade St,Panama City,FL,32405,US$9.99/month,https://www.anytimemailbox.com/s/panama-city-950-promenade-street,Commercial,N
Lafayette - Ambassador Caffery Pkwy,2865 Ambassador Caffery Pkwy,Lafayette,LA,70506,US$9.99/month,https://www.anytimemailbox.com/s/lafayette-2865-ambassador-caffery-pkwy,Commercial,N
Bakersfield - Rosedale Hwy,13061 Rosedale Hwy,Bakersfield,CA,93314,US$14.99/month,https://www.anytimemailbox.com/s/bakersfield-13061-rosedale-hwy,Commercial,N
Palos Hills,10200 S Roberts Rd Unit #MAILBOX,Palos Hills,IL,60465,US$9.99/month,https://www.anytimemailbox.com/s/palos-hills-10200-s-roberts-road,Commercial,N
San Diego - Washington St,325 W Washington St,San Diego,CA,92103,US$9.99/month,https://www.anytimemailbox.com/s/san-diego-325-w-washington-street,Commercial,N
Stone Mountain - Main St,957 Main St Ste A #MAILBOX,Stone Mountain,GA,30083,US$9.99/month,https://www.anytimemailbox.com/s/stone-mountain-957-main-street,Commercial,N
Melbourne - Eau Gallie Blvd,981 E Eau Gallie Blvd,Melbourne,FL,32937,US$30.00/month,https://www.anytimemailbox.com/s/melbourne-981-e-eau-gallie-blvd,Commercial,N
Soddy Daisy,124 Harrison Ln,Soddy Daisy,TN,37379,US$12.99/month,https://www.anytimemailbox.com/s/soddy-daisy-124-harrison-lane,Commercial,N
Greenwood Village - Crescent Pkwy,8400 E Crescent Pkwy,Greenwood Village,CO,80111,US$19.99/month,https://www.anytimemailbox.com/s/greenwood-village-8400-e-crescent-pkwy,Commercial,N
Grants Pass - F St,560 NE F St,Grants Pass,OR,97526,US$9.99/month,https://www.anytimemailbox.com/s/grants-pass-560-ne-f-street,Commercial,N
Farmington Hills,36216 Freedom Rd,Farmington Hills,MI,48335,US$14.99/month,https://www.anytimemailbox.com/s/farmington-hills-36216-freedom-road,Commercial,N
Lexington - Sunset Blvd,5175 Sunset Blvd,Lexington,SC,29072,US$12.99/month,https://www.anytimemailbox.com/s/lexington-5175-sunset-boulevard,Commercial,N
San Diego - Black Mountain Rd,13223 Black Mountain Rd,San Diego,CA,92129,US$9.99/month,https://www.anytimemailbox.com/s/san-diego-13223-black-mountain-road,Commercial,N
Billings - 24th St,100 24th Street West,Billings,MT,59102,US$14.99/month,https://www.anytimemailbox.com/s/billings-100-24th-street-west,Commercial,N
Suffern,400 Rella Blvd,Suffern,NY,10901,US$9.99/month,https://www.anytimemailbox.com/s/suffern-400-rella-blvd,Commercial,N
Mckinney - S Custer Rd,6675 S Custer Rd,Mckinney,TX,75070,US$9.99/month,https://www.anytimemailbox.com/s/mckinney-6675-s-custer-rd,Commercial,N
Orlando - Avalon Park,3564 Avalon Park E Blvd,Orlando,FL,32828,US$7.00/month,https://www.anytimemailbox.com/s/orlando-3564-avalon-park-e-blvd,Commercial,N
Cedar Park - Arrow Point Dr,1320 Arrow Point Dr,Cedar Park,TX,78613,US$49.99/month,https://www.anytimemailbox.com/s/cedar-park-1320-arrow-point-drive,Commercial,N
Wilmington - Pennsylvania Ave,1401 Pennsylvania Ave STE 105 BoxMAILBOX,Wilmington,DE,19806,US$8.99/month,https://www.anytimemailbox.com/s/wilmington-1401-pennsylvania-ave,Commercial,N
Wickenburg,340 W Wickenburg Way Ste A-MAILBOX,Wickenburg,AZ,85390,US$7.99/month,https://www.anytimemailbox.com/s/wickenburg-340-w-wickenburg-way,Commercial,N
Woodland Hills - Ventura Blvd (20855),20855 Ventura Blvd Ste 10-A #MAILBOX,Woodland Hills,CA,91364,US$9.99/month,https://www.anytimemailbox.com/s/woodland-hills-20855-ventura-blvd,Commercial,N
Hillsborough,450 Amwell Rd,Hillsborough,NJ,08844,US$19.99/month,https://www.anytimemailbox.com/s/hillsborough-450-amwell-road,Commercial,N
Humble - Clayton Pkwy,13531 Will Clayton Pkwy,Humble,TX,77346,US$11.99/month,https://www.anytimemailbox.com/s/humble-13531-will-clayton-pkwy,Commercial,N
Grants Pass - 6th St,1051 NE 6th St,Grants Pass,OR,97526,US$9.75/month,https://www.anytimemailbox.com/s/grants-pass-1051-ne-6th-street,Commercial,N
Lubbock - 82nd St (6819),6819 82nd St,Lubbock,TX,79424,US$11.99/month,https://www.anytimemailbox.com/s/lubbock-6819-82nd-street,Commercial,N
Riverside - Pierce St,3950 Pierce St,Riverside,CA,92505,US$11.99/month,https://www.anytimemailbox.com/s/riverside-3950-pierce-street,Commercial,N
Fresno - Shaw Ave,3025 W Shaw Ave,Fresno,CA,93711,US$24.99/month,https://www.anytimemailbox.com/s/fresno-3025-w-shaw-avenue,Commercial,N
Bethel Park,4607 Library Road,Bethel Park,PA,15102,US$10.99/month,https://www.anytimemailbox.com/s/bethel-park-4607-library-road,Commercial,N
Murrieta - Los Alamos Rd,39525 Los Alamos Rd,Murrieta,CA,92563,US$9.95/month,https://www.anytimemailbox.com/s/murrieta-39525-los-alamos-road,Commercial,N
New York - Lexington Ave (353),353 Lexington Avenue,New York,NY,10016,US$9.99/month,https://www.anytimemailbox.com/s/new-york-353-lexington-avenue,Commercial,N
Houston - Fountain View Dr (2401),2401 Fountain View Drive,Houston,TX,77057,US$9.95/month,https://www.anytimemailbox.com/s/houston-2401-fountain-view-drive,Commercial,N
Murfreesboro - Franklin Rd,4183 Franklin Rd,Murfreesboro,TN,37128,US$9.99/month,https://www.anytimemailbox.com/s/murfreesboro-4183-franklin-road,Commercial,N
Melbourne - Wickham Rd (575),575 S Wickham Rd,Melbourne,FL,32904,US$11.50/month,https://www.anytimemailbox.com/s/melbourne-575-s-wickham-road,Commercial,N
Katy - Fry Rd,6725 S Fry Rd,Katy,TX,77494,US$9.99/month,https://www.anytimemailbox.com/s/katy-6725-s-fry-road,Commercial,N
Eugene - Willamette St,1711 Willamette Street,Eugene,OR,97401,US$19.99/month,https://www.anytimemailbox.com/s/eugene-1430-willamette-street,Commercial,N
Orlando - Alafaya Trail,626 N Alafaya Trail,Orlando,FL,32828,US$34.99/month,https://www.anytimemailbox.com/s/orlando-626-n-alafaya-trail,Commercial,N
Dana Point,32565 Golden Lantern St,Dana Point,CA,92629,US$9.99/month,https://www.anytimemailbox.com/s/dana-point-32565-golden-lantern-street,Commercial,N
Chester,530 E Main St,Chester,NJ,07930,US$11.99/month,https://www.anytimemailbox.com/s/chester-530-e-main-street,Commercial,N
Tyngsborough,2 Bridgeview Cir,Tyngsborough,MA,01879,US$19.99/month,https://www.anytimemailbox.com/s/tyngsborough-2-bridgeview-circle,Commercial,N
Clarkston,980 Rowland St Ste 5140 #MAILBOX,Clarkston,GA,30021,US$20.00/month,https://www.anytimemailbox.com/s/clarkston-980-rowland-street,Commercial,N
Marietta - Roselane St,531 Roselane Street NW Suite 400-MAILBOX,Marietta,GA,30060,US$40.99/month,https://www.anytimemailbox.com/s/marietta-531-roselane-street-nw,Commercial,N
Niagara Falls,1879 Whitehaven Road Ste 3,Grand Island,NY,14072,US$19.99/month,https://www.anytimemailbox.com/s/grand-island-1879-whitehaven-road,Commercial,N
Bakersfield - Stine Rd,3424 Stine Rd,Bakersfield,CA,93309,US$9.99/month,https://www.anytimemailbox.com/s/bakersfield-3424-stine-road,Commercial,N
Rockville - Rockville Pike (11140),11140 Rockville Pike,Rockville,MD,20852,US$9.99/month,https://www.anytimemailbox.com/s/rockville-11140-rockville-pike,Commercial,N
Myrtle Beach - Dick Pond Rd (3100),3100 Dick Pond Rd,Myrtle Beach,SC,29588,US$14.99/month,https://www.anytimemailbox.com/s/myrtle-beach-3100-dick-pond-road,Commercial,N
Mckinney - State Hwy 121,7300 State Hwy 121,Mckinney,TX,75070,US$49.99/month,https://www.anytimemailbox.com/s/mckinney-7300-state-hwy-121,Commercial,N
Katy - Spring Green Blvd,1708 Spring Green Blvd,Katy,TX,77494,US$9.99/month,https://www.anytimemailbox.com/s/katy-1708-spring-green-blvd,Commercial,N
Krugerville,4620 US Hwy 377,Krugerville,TX,76227,US$9.99/month,https://www.anytimemailbox.com/s/krugerville-4620-us-highway-377,Commercial,N
El Paso - Zaragoza Rd,3590 N Zaragoza Road,El Paso,TX,79938,US$9.99/month,https://www.anytimemailbox.com/s/el-paso-3590-n-zaragoza-road,Commercial,N
Oklahoma City - MacArthur Blvd,12220 N MacArthur Blvd,Oklahoma City,OK,73162,US$14.99/month,https://www.anytimemailbox.com/s/oklahoma-city-12220-n-macarthur-blvd,Commercial,N
Reno - Mae Anne Ave,5150 Mae Anne Ave,Reno,NV,89523,US$9.99/month,https://www.anytimemailbox.com/s/reno-5150-mae-anne-avenue,Commercial,N
Fairfield,4160 Suisun Valley Rd,Fairfield,CA,94534,US$24.99/month,https://www.anytimemailbox.com/s/fairfield-4160-suisun-valley-road,Commercial,N
Houston - Fondren Rd,3301 Fondren Rd,Houston,TX,77063,US$9.99/month,https://www.anytimemailbox.com/s/houston-3301-fondren-road,Commercial,N
Turnersville,5051 Black Horse Pike,Turnersville,NJ,08012,US$9.99/month,https://www.anytimemailbox.com/s/turnersville-5051-route-42,Commercial,N
Hamburg,5949 Camp Rd,Hamburg,NY,14075,US$9.99/month,https://www.anytimemailbox.com/s/hamburg-5949-camp-road,Commercial,N
Naples - Logan Blvd,2220 Logan Blvd N,Naples,FL,34119,US$11.99/month,https://www.anytimemailbox.com/s/naples-2220-logan-blvd-north,Commercial,N
Cypress - Grant Rd,11702 Grant Rd,Cypress,TX,77429,US$9.99/month,https://www.anytimemailbox.com/s/cypress-11702-grant-road,Commercial,N
Long Beach - Long Beach Blvd (3711),3711 Long Beach Blvd Unit #MAILBOX,Long Beach,CA,90807,US$14.99/month,https://www.anytimemailbox.com/s/long-beach-3711-long-beach-blvd,Commercial,N
Doral - 104th Ave,7520 NW 104th Ave Ste A103 #MAILBOX,Doral,FL,33178,US$14.95/month,https://www.anytimemailbox.com/s/doral-7520-nw-104th-avenue,Commercial,N
Bethlehem - Broad St,1 E Broad St,Bethlehem,PA,18018,US$11.99/month,https://www.anytimemailbox.com/s/bethlehem-1-e-broad-street,Commercial,N
Northridge - Reseda Blvd (9250),9250 Reseda Blvd,Northridge,CA,91324,US$9.99/month,https://www.anytimemailbox.com/s/northridge-9250-reseda-blvd,Commercial,N
Saint Petersburg - 3rd Ave,333 3rd Ave N,Saint Petersburg,FL,33701,US$19.99/month,https://www.anytimemailbox.com/s/saint-petersburg-333-3rd-ave-n,Commercial,N
Greenville - White Horse Rd,3039 White Horse Rd,Greenville,SC,29611,US$9.97/month,https://www.anytimemailbox.com/s/greenville-3039-white-horse-rd,Commercial,N
Kalispell,175 Hutton Ranch Rd,Kalispell,MT,59901,US$9.99/month,https://www.anytimemailbox.com/s/kalispell-175-hutton-ranch-road,Commercial,N
Austin - Brodie Ln,9901 Brodie Lane,Austin,TX,78748,US$11.99/month,https://www.anytimemailbox.com/s/austin-9901-brodie-lane,Commercial,N
Middletown,100 Middletown Parkway,Middletown,MD,21769,US$9.99/month,https://www.anytimemailbox.com/s/middletown-100-middletown-parkway,Commercial,N
Mt Juliet - Pleasant Grove Rd,300 Pleasant Grove Rd,Mt Juliet,TN,37122,US$9.99/month,https://www.anytimemailbox.com/s/mt-juliet-300-pleasant-grove-road,Commercial,N
Escondido - Centre City Pkwy,1835 S Centre City Pkwy,Escondido,CA,92025,US$9.99/month,https://www.anytimemailbox.com/s/escondido-1835-s-centre-city-pkwy,Commercial,N
Dallas - Lemmon Ave,7701 Lemmon Ave,Dallas,TX,75209,US$24.99/month,https://www.anytimemailbox.com/s/dallas-7701-lemmon-avenue,Commercial,N
Chicago - Superior St (405),405 W Superior St 7th Floor #MAILBOX,Chicago,IL,60654,US$19.99/month,https://www.anytimemailbox.com/s/chicago-405-w-superior-street,Commercial,N
Louisville - Goldsmith Ln,2210 Goldsmith Ln,Louisville,KY,40218,US$19.99/month,https://www.anytimemailbox.com/s/louisville-2210-goldsmith-lane,Commercial,N
Garland - Pleasant Valley Rd,1802 Pleasant Valley Rd,Garland,TX,75040,US$9.99/month,https://www.anytimemailbox.com/s/garland-1802-pleasant-valley-road,Commercial,N
San Diego - Laurel St,415 Laurel St,San Diego,CA,92101,US$15.99/month,https://www.anytimemailbox.com/s/san-diego-415-laurel-street,Commercial,N
Sioux Falls - South Main Ave,112 S Main Ave,Sioux Falls,SD,57104-6488,US$12.99/month,https://www.anytimemailbox.com/s/sioux-falls-112-south-main-avenue,Commercial,N
Brentwood,6688 Nolensville Rd,Brentwood,TN,37027,US$9.99/month,https://www.anytimemailbox.com/s/brentwood-6688-nolensville-road,Commercial,N
Clovis - Willow Ave (1077),1077 N Willow Ave,Clovis,CA,93611,US$12.99/month,https://www.anytimemailbox.com/s/clovis-1077-n-willow-avenue,Commercial,N
Cumming - Atlanta Rd,655 Atlanta Rd Ste 502 #MAILBOX,Cumming,GA,30040,US$9.90/month,https://www.anytimemailbox.com/s/cumming-655-atlanta-road,Commercial,N
Claremont - Foothill Blvd,915 W Foothill Blvd,Claremont,CA,91711,US$9.99/month,https://www.anytimemailbox.com/s/claremont-915-w-foothill-blvd,Commercial,N
Grand Rapids - Kalamazoo Ave,6670 Kalamazoo Ave SE,Grand Rapids,MI,49508,US$9.99/month,https://www.anytimemailbox.com/s/grand-rapids-6670-kalamazoo-ave-se,Commercial,N
Cypress - Barker Cypress Rd (8190),8190 Barker Cypress Rd,Cypress,TX,77433,US$14.99/month,https://www.anytimemailbox.com/s/cypress-8190-barker-cypress-road,Commercial,N
McKinney - Collin Mckinney Pkwy (5121),5121 Collin Mckinney Pkwy,Mckinney,TX,75070,US$16.99/month,https://www.anytimemailbox.com/s/mckinney-5121-collin-mckinney-pkwy,Commercial,N
San Rafael - Redwood Hwy,4460 Redwood Hwy Suite 16-MAILBOX,San Rafael,CA,94903,US$9.99/month,https://www.anytimemailbox.com/s/san-rafael-4460-redwood-hwy,Commercial,N
Fort Worth - Erie St,3115 Erie St,Fort Worth,TX,76112,US$49.99/month,https://www.anytimemailbox.com/s/fort-worth-3115-erie-street,Commercial,N
Miami - Dixie Hwy,14707 S Dixie Hwy,Miami,FL,33176,US$14.99/month,https://www.anytimemailbox.com/s/miami-14707-s-dixie-highway,Commercial,N
Rocklin - Stanford Ranch Rd,3031 Stanford Ranch Rd,Rocklin,CA,95765,US$17.99/month,https://www.anytimemailbox.com/s/rocklin-3031-stanford-ranch-road,Commercial,N
Hinesville - Oglethorpe Hwy,1423 E Oglethorpe Hwy Unit #MAILBOX,Hinesville,GA,31313,US$11.99/month,https://www.anytimemailbox.com/s/hinesville-1423-e-oglethorpe-hwy,Commercial,N
Littleton,2679 W Main St Unit #MAILBOX,Littleton,CO,80120,US$19.99/month,https://www.anytimemailbox.com/s/littleton-2679-w-main-street,Commercial,N
Stone Mountain - Hairston Rd,971 N Hairston Rd Ste 230A #MAILBOX,Stone Mountain,GA,30083,US$9.99/month,https://www.anytimemailbox.com/s/stone-mountain-971-n-hairston-road,Commercial,N
Miami - 1st Ave,14 NE 1st Ave,Miami,FL,33132,US$14.99/month,https://www.anytimemailbox.com/s/miami-14-ne-1st-ave,Commercial,N
Dallas - Scyene Rd,9575 Scyene Rd,Dallas,TX,75227,US$9.99/month,https://www.anytimemailbox.com/s/dallas-9575-scyene-road,Commercial,N
Old Greenwich,1700 E Putnam Avenue Suite 208-MAILBOX,Old Greenwich,CT,06870,US$55.00/month,https://www.anytimemailbox.com/s/old-greenwich-1700-e-putnam-ave,Commercial,N
Santa Ana - Santa Ana  Blvd,600 W Santa Ana Blvd Ste 114-AMAILBOX,Santa Ana,CA,92701,US$7.99/month,https://www.anytimemailbox.com/s/santa-ana-600-w-santa-ana-blvd,Commercial,N
Fountain Valley - Brookhurst St,16027 Brookhurst St,Fountain Valley,CA,92708,US$9.99/month,https://www.anytimemailbox.com/s/fountain-valley-16027-brookhurst-street,Commercial,N
Carlsbad,2011 Palomar Airport Road,Carlsbad,CA,92011,US$69.00/month,https://www.anytimemailbox.com/s/carlsbad-2011-palomar-airport-road,Commercial,N
Little Egg Harbor,112 Giffordtown Ln,Little Egg Harbor,NJ,08087,US$9.99/month,https://www.anytimemailbox.com/s/little-egg-harbor-112-giffordtown-lane,Commercial,N
Wayzata,1250 Wayzata Blvd E,Wayzata,MN,55391,US$9.99/month,https://www.anytimemailbox.com/s/wayzata-1250-wayzata-blvd-east,Commercial,N
Ellicott City - Baltimore National Pike (10045),10045 Baltimore National Pike,Ellicott City,MD,21042,US$9.99/month,https://www.anytimemailbox.com/s/ellicott-city-10045-baltimore-national-pike,Commercial,N
Joint Base Andrews,1811 G St,Joint Base Andrews,MD,20762,US$9.99/month,https://www.anytimemailbox.com/s/joint-base-andrews-1811-g-street,Commercial,N
Lewisville,2560 King Arthur Blvd,Lewisville,TX,75056,US$14.99/month,https://www.anytimemailbox.com/s/lewisville-2560-king-arthur-blvd,Commercial,N
Lodi,2 Arnot St,Lodi,NJ,07644,US$14.99/month,https://www.anytimemailbox.com/s/lodi-2-arnot-street,Commercial,N
Keller,2041 Rufe Snow Dr,Keller,TX,76248,US$11.99/month,https://www.anytimemailbox.com/s/keller-2041-rufe-snow-dr,Commercial,N
New York - Broadway (1178),1178 Broadway,New York,NY,10001,US$13.99/month,https://www.anytimemailbox.com/s/new-york-1178-broadway,Commercial,N
Lanham - Executive Pl (7404),7404 Executive Pl,Lanham,MD,20706,US$9.99/month,https://www.anytimemailbox.com/s/lanham-7404-executive-place,Commercial,N
Las Vegas - Sahara Ave (9101),9101 W Sahara Ave,Las Vegas,NV,89117,US$11.99/month,https://www.anytimemailbox.com/s/las-vegas-9101-w-sahara-avenue,Commercial,N
Tampa - Rocky Pt Dr,3031 N Rocky Pt Dr W,Tampa,FL,33607,US$26.99/month,https://www.anytimemailbox.com/s/tampa-3031-n-rocky-pt-dr-w,Commercial,N
Clifton,377 Valley Rd,Clifton,NJ,07013,US$9.99/month,https://www.anytimemailbox.com/s/clifton-377-valley-road,Commercial,N
Pine Brook,330 Changebridge Rd,Pine Brook,NJ,07058,US$39.99/month,https://www.anytimemailbox.com/s/pine-brook-330-changebridge-road,Commercial,N
Saint Cloud - Live Oak Blvd,2013 Live Oak Blvd,Saint Cloud,FL,34771,US$9.99/month,https://www.anytimemailbox.com/s/saint-cloud-2013-live-oak-blvd,Commercial,N
Warresnburg - Young Ave,540 E Young Ave,Warresnburg,MO,64093,US$9.99/month,https://www.anytimemailbox.com/s/warresnburg-540-e-young-ave,Commercial,N
Riverdale - Kenilworth Ave (6811),6811 Kenilworth Ave,Riverdale,MD,20737,US$9.99/month,https://www.anytimemailbox.com/s/riverdale-6811-kenilworth-avenue,Commercial,N
Katy - 5th St,5304 E 5th St,Katy,TX,77493,US$11.99/month,https://www.anytimemailbox.com/s/katy-5304-e-5th-st,Commercial,N
Aurora - Hampden Ave,18121 E Hampden Ave,Aurora,CO,80013,US$9.99/month,https://www.anytimemailbox.com/s/aurora-18121-e-hampden-avenue,Commercial,N
Las Vegas - Hualapai Way,7181 N. Hualapai Way,Las Vegas,NV,89166,US$9.99/month,https://www.anytimemailbox.com/s/las-vegas-7181-n-hualapai-way,Commercial,N
Simi Valley,1464 Madera Rd Ste N #MAILBOX,Simi Valley,CA,93065,US$9.99/month,https://www.anytimemailbox.com/s/simi-valley-1464-madera-road,Commercial,N
Phoenix - Tatum Blvd (10810),10810 N Tatum Blvd Ste 102-MAILBOX,Phoenix,AZ,85028,US$17.99/month,https://www.anytimemailbox.com/s/phoenix-10810-n-tatum-blvd,Commercial,N
Towson - Fairmount Ave,849 Fairmount Ave,Towson,MD,21286,US$9.99/month,https://www.anytimemailbox.com/s/towson-849-fairmount-avenue,Commercial,N
College Park - Riverdale Rd,5436 Riverdale Rd Ste 120 MAILBOX,College Park,GA,30349,US$24.99/month,https://www.anytimemailbox.com/s/college-park-5436-riverdale-road,Commercial,N
Chino Hills,4195 Chino Hills Pkwy,Chino Hills,CA,91709,US$9.99/month,https://www.anytimemailbox.com/s/chino-hills-4195-chino-hills-parkway,Commercial,N
Ann Arbor - Washtenaw Ave,4860 Washtenaw Ave,Ann Arbor,MI,48108,US$14.99/month,https://www.anytimemailbox.com/s/ann-arbor-4860-washtenaw-avenue,Commercial,N
Camden,179 W Main St,Camden,TN,38320,US$9.99/month,https://www.anytimemailbox.com/s/camden-179-w-main-street,Commercial,N
Brooklyn - Lorimer St,442 Lorimer Street,Brooklyn,NY,11206,US$14.99/month,https://www.anytimemailbox.com/s/brooklyn-442-lorimer-street,Commercial,N
Key Biscayne,260 Crandon Blvd,Key Biscayne,FL,33149,US$14.99/month,https://www.anytimemailbox.com/s/key-biscayne-260-crandon-blvd,Commercial,N
Benton,601 Kingston Rd,Benton,LA,71006,US$9.99/month,https://www.anytimemailbox.com/s/benton-601-kingston-road,Commercial,N
Bronx - Eastchester Rd,3010 Eastchester Rd,Bronx,NY,10469,US$14.99/month,https://www.anytimemailbox.com/s/bronx-3010-eastchester-road,Commercial,N
Gunter,605 N Preston Rd,Gunter,TX,75058,US$14.99/month,https://www.anytimemailbox.com/s/gunter-605-n-preston-road,Commercial,N
Battle Creek,30 Columbia Ave E,Battle Creek,MI,49015,US$9.99/month,https://www.anytimemailbox.com/s/battle-creek-30-columbia-avenue-east,Commercial,N
Bridgewater,233 Broad St,Bridgewater,MA,02324,US$9.99/month,https://www.anytimemailbox.com/s/bridgewater-233-broad-street,Commercial,N
Largo,1300 Mercantile Ln,Largo,MD,20774,US$12.99/month,https://www.anytimemailbox.com/s/largo-1300-mercantile-lane,Commercial,N
Las Colinas,511 E John Carpenter Freeway,Las Colinas,TX,75062,US$39.99/month,https://www.anytimemailbox.com/s/las-colinas-511-e-john-carpenter-freeway,Commercial,N
Cornelius - Torrence Chapel Rd,20619 Torrence Chapel Rd,Cornelius,NC,28031,US$7.99/month,https://www.anytimemailbox.com/s/cornelius-20619-torrence-chapel-road,Commercial,N
Ellicott City - Dorsey Hall Dr,4725 Dorsey Hall Dr,Ellicott City,MD,21042,US$11.99/month,https://www.anytimemailbox.com/s/ellicott-city-4725-dorsey-hall-drive,Commercial,N
Broomfield,2205 W 136th Ave,Broomfield,CO,80023,US$11.99/month,https://www.anytimemailbox.com/s/broomfield-2205-w-136th-ave,Commercial,N
Davidson,428 South Main St,Davidson,NC,28036,US$10.99/month,https://www.anytimemailbox.com/s/davidson-610-jetton-street,Commercial,N
Denver - Corona St,387 N Corona St  #MAILBOX,Denver,CO,80218,US$19.99/month,https://www.anytimemailbox.com/s/denver-383-corona-street,Commercial,N
West Chester,1442 Pottstown Pike,West Chester,PA,19380,US$9.99/month,https://www.anytimemailbox.com/s/west-chester-1442-pottstown-pike,Commercial,N
Levittown,197 Kenwood Dr N,Levittown,PA,19055,US$9.99/month,https://www.anytimemailbox.com/s/levittown-197-kenwood-drive-north,Commercial,N
Jackson,4780 I-55 N,Jackson,MS,39211,US$29.99/month,https://www.anytimemailbox.com/s/jackson-4780-i-55-north,Commercial,N
La Quinta,50991 Washington St,La Quinta,CA,92253,US$22.00/month,https://www.anytimemailbox.com/s/la-quinta-50991-washington-street,Commercial,N
Memphis - Winchester Rd,1707 Winchester Rd,Memphis,TN,38116,US$11.99/month,https://www.anytimemailbox.com/s/memphis-1707-winchester-road,Commercial,N
Huntington Beach - Warner Ave,5904 Warner Ave,Huntington Beach,CA,92649,US$9.99/month,https://www.anytimemailbox.com/s/huntington-beach-5904-warner-avenue,Commercial,N
Thomasville - Main St,50 E Main St,Thomasville,NC,27360,US$9.99/month,https://www.anytimemailbox.com/s/thomasville-50-e-main-street,Commercial,N
Wooster,201 E Liberty St,Wooster,OH,44691,US$30.00/month,https://www.anytimemailbox.com/s/wooster-201-e-liberty-street,Commercial,N
Lakeway,2303 Ranch Road 620 S,Lakeway,TX,78734,US$14.99/month,https://www.anytimemailbox.com/s/lakeway-2303-ranch-road-620-south,Commercial,N
Pleasanton - Bernal Ave,3020 Bernal Ave,Pleasanton,CA,94566,US$9.99/month,https://www.anytimemailbox.com/s/pleasanton-3020-bernal-avenue,Commercial,N
Coppell,817 S MacArthur Blvd,Coppell,TX,75019,US$9.99/month,https://www.anytimemailbox.com/s/coppell-817-s-macaurthur-blvd,Commercial,N
Henderson - Horizon Ridge Pkwy (2654),2654 W Horizon Ridge Pkwy,Henderson,NV,89052,US$9.99/month,https://www.anytimemailbox.com/s/henderson-2654-w-horizon-ridge-pkwy,Commercial,N
Long Beach,5107 Beatline Rd,Long Beach,MS,39560,US$12.99/month,https://www.anytimemailbox.com/s/long-beach-5107-beatline-road,Commercial,N
Fayetteville - Bragg Blvd,2501 Bragg Blvd,Fayetteville,NC,28303,US$9.99/month,https://www.anytimemailbox.com/s/fayetteville-2501-bragg-blvd,Commercial,N
New York - 43rd St,211 E 43rd St,New York,NY,10017,US$9.99/month,https://www.anytimemailbox.com/s/new-york-211-e-43rd-street,Commercial,N
Houston - Vintage Park Bl,134 Vintage Park Blvd,Houston,TX,77070,US$11.99/month,https://www.anytimemailbox.com/s/houston-134-vintage-park-blvd,Commercial,N
Mountain View - El Monte Ave,1049 El Monte Avenue,Mountain View,CA,94040,US$12.99/month,https://www.anytimemailbox.com/s/mountain-view-1049-el-monte-avenue,Commercial,N
Laguna Woods,24338 El Toro Road,Laguna Woods,CA,92637,US$9.99/month,https://www.anytimemailbox.com/s/laguna-woods-24338-el-toro-road,Commercial,N
Lanham - Executive Pl (7375),7375 Executive Pl,Lanham,MD,20706,US$9.99/month,https://www.anytimemailbox.com/s/lanham-7375-executive-place,Commercial,N
Milford,138 S Main St,Milford,MA,01757,US$11.99/month,https://www.anytimemailbox.com/s/milford-138-s-main-st,Commercial,N
Palm Springs - Palm Canyon Dr,1775 E Palm Canyon Dr,Palm Springs,CA,92264,US$9.99/month,https://www.anytimemailbox.com/s/palm-springs-1775-e-palm-canyon-drive,Commercial,N
Rosemead - Garvey Ave,8919 Garvey Ave,Rosemead,CA,91770,US$9.99/month,https://www.anytimemailbox.com/s/rosemead-8919-garvey-avenue,Commercial,N
Lake Elsinore,32295 Mission Trail Unit #MAILBOX,Lake Elsinore,CA,92530,US$11.99/month,https://www.anytimemailbox.com/s/lake-elsinore-32295-mission-trail,Commercial,N
New York - 39th St,108 W 39th St,New York,NY,10018,US$14.95/month,https://www.anytimemailbox.com/s/new-york-108-w-39th-street,Commercial,N
Broomfield - Nickel St,300 Nickel St,Broomfield,CO,80020,US$11.99/month,https://www.anytimemailbox.com/s/broomfield-300-nickel-street,Commercial,N
Washington - H St,712 H St NE Unit #MAILBOX,Washington,DC,20002,US$9.99/month,https://www.anytimemailbox.com/s/washington-712-h-street-ne,Commercial,N
Jacksonville - Edgewood Ave,1248 Edgewood Ave W Ste 3 #MAILBOX,Jacksonville,FL,32208,US$9.99/month,https://www.anytimemailbox.com/s/jacksonville-1248-edgewood-avenue-west,Commercial,N
Harbor City - Palos Verdes Dr,1724 Palos Verdes Dr N,Harbor City,CA,90710,US$9.99/month,https://www.anytimemailbox.com/s/harbor-city-1724-palos-verdes-drive-north,Commercial,N
Houston - 43rd St,1337 W 43rd St,Houston,TX,77018,US$11.99/month,https://www.anytimemailbox.com/s/houston-1337-west-43rd-street,Commercial,N
Houston - Westheimer Rd (11807),11807 Westheimer Rd,Houston,TX,77077,US$14.99/month,https://www.anytimemailbox.com/s/houston-11807-westheimer-road,Commercial,N
Eastpointe - 8 Mile Rd,18301 E 8 Mile Rd,Eastpointe,MI,48021,US$9.99/month,https://www.anytimemailbox.com/s/eastpointe-18301-e-8-mile-road,Commercial,N
Philadelphia - Bristol St,1401 E Bristol St,Philadelphia,PA,19124,US$14.99/month,https://www.anytimemailbox.com/s/philadelphia-1401-e-bristol-street,Commercial,N
Clarksville,919 Tiny Town Rd,Clarksville,TN,37042,US$9.99/month,https://www.anytimemailbox.com/s/clarksville-919-tiny-town-road,Commercial,N
Austin - West Gate Blvd,6800 West Gate Blvd,Austin,TX,78745,US$39.99/month,https://www.anytimemailbox.com/s/austin-6800-west-gate-blvd,Commercial,N
Cypress - Spring Cypress Rd,15210 Spring Cypress Rd,Cypress,TX,77429,US$9.99/month,https://www.anytimemailbox.com/s/cypress-15210-spring-cypress-rd,Commercial,N
Houston - Scarsdale Blvd,10904 Scarsdale Blvd,Houston,TX,77089,US$9.99/month,https://www.anytimemailbox.com/s/houston-10904-scarsdale-blvd,Commercial,N
Georgetown - Sun City Blvd,1530 Sun City Blvd,Georgetown,TX,78633,US$14.99/month,https://www.anytimemailbox.com/s/georgetown-1530-sun-city-blvd,Commercial,N
Cedar Park - Walton Way,202 Walton Way,Cedar Park,TX,78613,US$11.99/month,https://www.anytimemailbox.com/s/cedar-park-202-walton-way,Commercial,N
Mocksville,195 Cooper Creek Dr,Mocksville,NC,27028,US$9.99/month,https://www.anytimemailbox.com/s/mocksville-195-cooper-creek-drive,Commercial,N
Memphis - Elvis Presley Blvd,4466 Elvis Presley Blvd,Memphis,TN,38116,US$9.99/month,https://www.anytimemailbox.com/s/memphis-4466-elvis-presley-blvd,Commercial,N
Mooresville - Argus Lane,112 Argus Ln,Mooresville,NC,28117,US$7.99/month,https://www.anytimemailbox.com/s/mooresville-112-argus-lane,Commercial,N
Columbia - Two Notch Rd (9153),9153 Two Notch Rd,Columbia,SC,29223,US$9.99/month,https://www.anytimemailbox.com/s/columbia-9153-two-notch-road,Commercial,N
Lake Mary - Lake Mary Blvd (3005),3005 W Lake Mary Blvd,Lake Mary,FL,32746,US$9.99/month,https://www.anytimemailbox.com/s/lake-mary-3005-w-lake-mary-blvd,Commercial,N
Lexington- Main St,955 E Main St,Lexington,SC,29072,US$9.99/month,https://www.anytimemailbox.com/s/lexington-955-e-main-street,Commercial,N
Irmo - Broad River Rd,11134 Broad River Rd,Irmo,SC,29063,US$9.99/month,https://www.anytimemailbox.com/s/irmo-11134-broad-river-road,Commercial,N
San Francisco - Sutter St,447 Sutter St Ste 506 - MAILBOX,San Francisco,CA,94108,US$9.99/month,https://www.anytimemailbox.com/s/san-francisco-447-sutter-street,Commercial,N
Easton,210 Marlboro Ave,Easton,MD,21601,US$15.00/month,https://www.anytimemailbox.com/s/easton-210-marlboro-avenue,Commercial,N
Arlington - Collins St,2442 S Collins St,Arlington,TX,76014,US$9.99/month,https://www.anytimemailbox.com/s/arlington-2442-s-collins-street,Commercial,N
Lawndale,4711 W Artesia Blvd,Lawndale,CA,90260,US$9.99/month,https://www.anytimemailbox.com/s/lawndale-4711-w-artesia-blvd,Commercial,N
Salem,50a Northwestern Dr,Salem,NH,03079,US$8.99/month,https://www.anytimemailbox.com/s/salem-50a-northwestern-drive,Commercial,N
New York - 25th St,150 West 25th St,New York,NY,10001,US$39.99/month,https://www.anytimemailbox.com/s/new-york-150-west-25th-street,Commercial,N
Miami - Flagler St,28 W Flagler St,Miami,FL,33130,US$9.99/month,https://www.anytimemailbox.com/s/miami-28-w-flagler-street,Commercial,N
Matthews,3116 Weddington Rd,Matthews,NC,28105,US$14.99/month,https://www.anytimemailbox.com/s/matthews-3116-weddington-road,Commercial,N
Modesto - Oakdale Rd (2601),2601 Oakdale Rd,Modesto,CA,95355,US$9.99/month,https://www.anytimemailbox.com/s/modesto-2601-oakdale-road,Commercial,N
Las Vegas - Serene Ave,1920 E Serene Ave,Las Vegas,NV,89123,US$9.99/month,https://www.anytimemailbox.com/s/las-vegas-1920-e-serene-avenue,Commercial,N
Katy - Westheimer Pkwy,25807 Westheimer Pkwy,Katy,TX,77494,US$39.99/month,https://www.anytimemailbox.com/s/katy-25807-westheimer-pkwy,Commercial,N
Southfield - 10 Mile Rd (15700),15700 W 10 Mile Rd,Southfield,MI,48075,US$9.99/month,https://www.anytimemailbox.com/s/southfield-15700-w-10-mile-road,Commercial,N
Springfield - Main St,1666 Main St,Springfield,MA,01103,US$9.99/month,https://www.anytimemailbox.com/s/springfield-1666-main-street,Commercial,N
Smyrna - Cobb Dr,4499 S Cobb Dr SE Ste D #MAILBOX,Smyrna,GA,30080,US$37.95/month,https://www.anytimemailbox.com/s/smyrna-4499-s-cobb-drive-se,Commercial,N
Lake Oswego,3 Monroe Pkwy,Lake Oswego,OR,97035,US$14.99/month,https://www.anytimemailbox.com/s/lake-oswego-3-monroe-pkwy,Commercial,N
Nashville - 4th Ave N,159 4th Ave N,Nashville,TN,37219,US$14.99/month,https://www.anytimemailbox.com/s/nashville-159-4th-ave-n,Commercial,N
Rockville - Rockville Pike (1451),1451 Rockville Pike,Rockville,MD,20852,US$9.99/month,https://www.anytimemailbox.com/s/rockville-1451-rockville-pike,Commercial,N
Breaux Bridge,1811 Rees St,Breaux Bridge,LA,70517,US$9.99/month,https://www.anytimemailbox.com/s/breaux-bridge-1811-rees-street,Commercial,N
Ithaca - Dryden Rd,206A Dryden Rd,Ithaca,NY,14850,US$19.99/month,https://www.anytimemailbox.com/s/ithaca-206a-dryden-road,Commercial,N
Grand Rapids - 28th St,950 28th St SE,Grand Rapids,MI,49508,US$14.99/month,https://www.anytimemailbox.com/s/grand-rapids-950-28th-street-se,Commercial,N
San Jose - Capitol Ave,2066 N Capitol Ave Unit #MAILBOX,San Jose,CA,95132,US$9.99/month,https://www.anytimemailbox.com/s/san-jose-2066-n-capitol-avenue,Commercial,N
Euclid,25000 Euclid Ave,Euclid,OH,44117,US$14.99/month,https://www.anytimemailbox.com/s/euclid-25000-euclid-ave,Commercial,N
Live Oak,12702 Toepperwein Rd,Live Oak,TX,78233,US$19.99/month,https://www.anytimemailbox.com/s/live-oak-12702-toepperwein-road,Commercial,N
Springerville,221 S Mountain Ave Ste #219 PMB MAILBOX,Springerville,AZ,85938,US$12.99/month,https://www.anytimemailbox.com/s/springerville-221-s-mountain-ave,Commercial,N
Fair Oaks - Madison Ave,8506 Madison Ave,Fair Oaks,CA,95628,US$9.99/month,https://www.anytimemailbox.com/s/fair-oaks-8506-madison-avenue,Commercial,N
Atlanta - Roswell Rd,6595 Roswell Road Suite GMAILBOX,Atlanta,GA,30328,US$10.99/month,https://www.anytimemailbox.com/s/atlanta-6595-roswell-road,Commercial,N
Cypress - Fry Rd,8102 Fry Rd,Cypress,TX,77433,US$9.99/month,https://www.anytimemailbox.com/s/cypress-8102-fry-road,Commercial,N
Kennesaw - Bells Rerry Rd,4290 Bells Ferry Road STE 134-MAILBOX,Kennesaw,GA,30144,US$7.99/month,https://www.anytimemailbox.com/s/kennesaw-4290-bells-ferry-road,Commercial,N
North Fort Myers - Cleveland Ave,15201 N. Cleveland Ave,North Fort Myers,FL,33903,US$14.99/month,https://www.anytimemailbox.com/s/north-fort-myers-15201-n-cleveland-ave,Commercial,N
Southbury,9 Union Square Unit #MAILBOX,Southbury,CT,06488,US$9.99/month,https://www.anytimemailbox.com/s/southbury-9-union-square,Commercial,N
La Mesa - La Mesa Blvd (8697),8697 La Mesa Blvd,La Mesa,CA,91942,US$9.99/month,https://www.anytimemailbox.com/s/la-mesa-8697-la-mesa-blvd,Commercial,N
Houston - Dairy Ashford Rd (1880),1880 S Dairy Ashford Rd,Houston,TX,77077,US$19.99/month,https://www.anytimemailbox.com/s/houston-1880-s-dairy-ashford-road,Commercial,N
Chicago - Monroe St,73 W Monroe St 5th Floor #MAILBOX,Chicago,IL,60603,US$19.99/month,https://www.anytimemailbox.com/s/chicago-73-w-monroe-street,Commercial,N
Atoka - Hwy 51,11180 Hwy 51 S,Atoka,TN,38004,US$9.99/month,https://www.anytimemailbox.com/s/atoka-11180-hwy-51-s,Commercial,N
Las Vegas - Fort Apache Rd,6415 S Fort Apache Rd,Las Vegas,NV,89148,US$9.99/month,https://www.anytimemailbox.com/s/las-vegas-6415-s-fort-apache-road,Commercial,N
Thousand Oaks - Moorpark Rd,275 E. Hillcrest Drive Suite 160-MAILBOX,Thousand Oaks,CA,91360,US$24.99/month,https://www.anytimemailbox.com/s/thousand-oaks-1710-n-moorpark-road,Commercial,N
Joliet,2405 Essington Rd Suite BMAILBOX,Joliet,IL,60435,US$9.99/month,https://www.anytimemailbox.com/s/joliet-2405-essington-road,Commercial,N
Clovis - Shaw Ave,2167 Shaw Ave,Clovis,CA,93611,US$9.99/month,https://www.anytimemailbox.com/s/clovis-2167-shaw-avenue,Commercial,N
Minneapolis - 2nd Ave,331 2nd Ave S,Minneapolis,MN,55401,US$19.99/month,https://www.anytimemailbox.com/s/minneapolis-331-2nd-ave-s,Commercial,N
Houston - Lake Houston Pkwy,12712 W Lake Houston Pkwy,Houston,TX,77044,US$11.99/month,https://www.anytimemailbox.com/s/houston-12712-w-lake-houston-pkwy,Commercial,N
Katy - Nelson Way,25675 Nelson Way,Katy,TX,77494,US$9.99/month,https://www.anytimemailbox.com/s/katy-25675-nelson-way,Commercial,N
Southfield - 9 Mile Rd,24225 W 9 Mile Rd,Southfield,MI,48033,US$9.99/month,https://www.anytimemailbox.com/s/southfield-24225-w-9-mile-road,Commercial,N
Los Angeles - 3rd St,5850 W 3rd St,Los Angeles,CA,90036,US$14.99/month,https://www.anytimemailbox.com/s/los-angeles-5850-w-3rd-street,Commercial,N
Houston - Westheimer Rd (3733),3733 Westheimer Rd,Houston,TX,77027-5226,US$12.99/month,https://www.anytimemailbox.com/s/houston-3733-westheimer-road,Commercial,N
Morristown,44 Washington St,Morristown,NJ,07960,US$9.99/month,https://www.anytimemailbox.com/s/morristown-44-washington-street,Commercial,N
Monroe,1800 Forsythe Ave,Monroe,LA,71201,US$9.99/month,https://www.anytimemailbox.com/s/monroe-1800-forsythe-avenue,Commercial,N
Miami Lakes,15450 New Barn Rd,Miami Lakes,FL,33014,US$49.00/month,https://www.anytimemailbox.com/s/miami-lakes-15450-new-barn-rd,Commercial,N
Tempe,1628 E Southern Ave Suite #9MAILBOX,Tempe,AZ,85282,US$14.99/month,https://www.anytimemailbox.com/s/tempe-1817-e-southern-avenue,Commercial,N
Inglewood - Crenshaw Blvd,8611 Crenshaw Blvd,Inglewood,CA,90305,US$9.99/month,https://www.anytimemailbox.com/s/inglewood-8611-crenshaw-blvd,Commercial,N
Austin - Huntland Dr,305 E Huntland Dr,Austin,TX,78752,US$19.99/month,https://www.anytimemailbox.com/s/austin-305-e-huntland-drive,Commercial,N
Highland,212 W Highland Rd,Highland,MI,48357,US$24.99/month,https://www.anytimemailbox.com/s/highland-212-w-highland-road,Commercial,N
Fresno - Nees Ave,132 W Nees Ave,Fresno,CA,93711,US$18.99/month,https://www.anytimemailbox.com/s/fresno-132-w-nees-avenue,Commercial,N
Frederick - Guilford Dr,7100 Guilford Dr,Frederick,MD,21704,US$49.99/month,https://www.anytimemailbox.com/s/frederick-7100-guilford-drive,Commercial,N
Las Vegas - Valley View Blvd,3859 S Valley View Blvd,Las Vegas,NV,89103,US$9.99/month,https://www.anytimemailbox.com/s/las-vegas-3859-s-valley-view-blvd,Commercial,N
Fort Washington,8507 Oxon Hill Rd,Fort Washington,MD,20744,US$9.99/month,https://www.anytimemailbox.com/s/fort-washington-8507-oxon-hill-road,Commercial,N
Baton Rouge - Florida Blvd,6554 Florida Blvd,Baton Rouge,LA,70806,US$9.99/month,https://www.anytimemailbox.com/s/baton-rouge-6554-florida-blvd,Commercial,N
Elizabethtown,207 Towne Dr,Elizabethtown,KY,42701,US$12.99/month,https://www.anytimemailbox.com/s/elizabethtown-207-towne-drive,Commercial,N
Chula Vista - Otay Lakes Rd (2220),2220 Otay Lakes Road,Chula Vista,CA,91915,US$9.95/month,https://www.anytimemailbox.com/s/chula-vista-2220-otay-lakes-road,Commercial,N
Humble - Wilson Rd,4830 Wilson Rd,Humble,TX,77396,US$10.99/month,https://www.anytimemailbox.com/s/humble-4830-wilson-road,Commercial,N
Uniontown,3939 Massillon Rd,Uniontown,OH,44685,US$11.99/month,https://www.anytimemailbox.com/s/uniontown-3939-massillon-rd,Commercial,N
Dover,42 Dover Point Rd,Dover,NH,03820,US$19.99/month,https://www.anytimemailbox.com/s/dover-42-dover-point-road,Commercial,N
Las Vegas - Flamingo Rd (10120),10120 W Flamingo Rd,Las Vegas,NV,89147,US$11.99/month,https://www.anytimemailbox.com/s/las-vegas-10120-w-flamingo-road,Commercial,N
North Las Vegas,6462 Losee Rd,North Las Vegas,NV,89086,US$9.99/month,https://www.anytimemailbox.com/s/north-las-vegas-6462-losee-road,Commercial,N
Hollister,351 San Felipe Rd,Hollister,CA,95023,US$9.99/month,https://www.anytimemailbox.com/s/hollister-351-san-felipe-road,Commercial,N
Jacksonville - Argyle Forest Blvd,6625 Argyle Forest Blvd Ste 4 #MAILBOX,Jacksonville,FL,32244,US$9.99/month,https://www.anytimemailbox.com/s/jacksonville-6625-argyle-forest-blvd,Commercial,N
Sacramento - Rockingham Dr,10265 Rockingham Dr,Sacramento,CA,95827,US$9.99/month,https://www.anytimemailbox.com/s/sacramento-10265-rockingham-drive,Commercial,N
Denton - Loop 288,1800 S Loop 288,Denton,TX,76205,US$14.99/month,https://www.anytimemailbox.com/s/denton-1800-s-loop-288,Commercial,N
Hagerstown,5 Public Sq,Hagerstown,MD,21740,US$39.99/month,https://www.anytimemailbox.com/s/hagerstown-5-public-square,Commercial,N
Budd Lake,98 US Hwy 46,Budd Lake,NJ,07828,US$9.99/month,https://www.anytimemailbox.com/s/budd-lake-98-us-highway-46,Commercial,N
Allentown,1091 Millcreek Rd,Allentown,PA,18106,US$9.99/month,https://www.anytimemailbox.com/s/allentown-1091-millcreek-road,Commercial,N
Columbia - Guilford Rd,9175 Guilford Rd,Columbia,MD,21046,US$9.99/month,https://www.anytimemailbox.com/s/columbia-9175-guilford-rd,Commercial,N
Garden Grove,12534 Valley View St Unit #MAILBOX,Garden Grove,CA,92845,US$9.99/month,https://www.anytimemailbox.com/s/garden-grove-12534-valley-view-street,Commercial,N
Akron - Market St,839 E Market St,Akron,OH,44305,US$10.99/month,https://www.anytimemailbox.com/s/akron-839-e-market-street,Commercial,N
Chicago - State St,100 S State St 4th Floor #MAILBOX,Chicago,IL,60603,US$19.99/month,https://www.anytimemailbox.com/s/chicago-100-s-state-street,Commercial,N
Raleigh - Forestville Rd,2920 Forestville Rd,Raleigh,NC,27616,US$12.99/month,https://www.anytimemailbox.com/s/raleigh-2920-forestville-road,Commercial,N
Greenbelt,6401 Golden Triangle Dr,Greenbelt,MD,20770,US$11.99/month,https://www.anytimemailbox.com/s/greenbelt-6401-golden-triangle-drive,Commercial,N
Henderson - Bicentennial Pkwy,2880 Bicentennial Pkwy,Henderson,NV,89044,US$9.99/month,https://www.anytimemailbox.com/s/henderson-2880-bicentennial-parkway,Commercial,N
Youngstown,4845 Market St,Youngstown,OH,44512,US$9.99/month,https://www.anytimemailbox.com/s/youngstown-5500-market-street,Commercial,N
Brighton,324 W Main Street,Brighton,MI,48116,US$14.99/month,https://www.anytimemailbox.com/s/brighton-324-w-main-street,Commercial,N
Glasgow,625 S L Rogers Wells Blvd,Glasgow,KY,42141,US$9.99/month,https://www.anytimemailbox.com/s/glasgow-625-sl-rogers-wells-blvd,Commercial,N
Cibolo,232 Brite Rd,Cibolo,TX,78108,US$11.99/month,https://www.anytimemailbox.com/s/cibolo-232-brite-road,Commercial,N
Mansfield - E Broad Street,1724 E Broad St,Mansfield,TX,76063,US$12.99/month,https://www.anytimemailbox.com/s/mansfield-1724-e-broad-street,Commercial,N
Waldorf - Industrial Park Dr,2-A Industrial Park Dr,Waldorf,MD,20602,US$10.99/month,https://www.anytimemailbox.com/s/waldorf-2-a-industrial-park-drive,Commercial,N
Mission Hills,11100 Sepulveda Blvd,Mission Hills,CA,91345,US$12.99/month,https://www.anytimemailbox.com/s/mission-hills-11100-sepulveda-blvd,Commercial,N
Folsom - Prairie City Rd,1750 Prairie City Rd,Folsom,CA,95630,US$8.99/month,https://www.anytimemailbox.com/s/folsom-1750-prairie-city-road,Commercial,N
Plano - Spring Creek Pkwy,909 W Spring Creek Pkwy,Plano,TX,75023,US$9.99/month,https://www.anytimemailbox.com/s/plano-909-w-spring-creek-pkwy,Commercial,N
Newport Beach - Bayview Cir,301 Bayview Cir,Newport Beach,CA,92660,US$9.99/month,https://www.anytimemailbox.com/s/newport-beach-301-bayview-circle,Commercial,N
Johns Creek,11585 Jones Bridge Rd Suite 420-MAILBOX,Johns Creek,GA,30022,US$9.99/month,https://www.anytimemailbox.com/s/johns-creek-11585-jones-bridge-road,Commercial,N
Las Vegas - Windmill Ln,2381 E Windmill Ln,Las Vegas,NV,89123,US$9.99/month,https://www.anytimemailbox.com/s/las-vegas-2381-e-windmill-lane,Commercial,N
Oklahoma City - 23rd St,2501 NE 23rd Street,Oklahoma City,OK,73111,US$11.99/month,https://www.anytimemailbox.com/s/oklahoma-city-2501-ne-23rd-street,Commercial,N
Ithaca - Buffalo St,704 W Buffalo St,Ithaca,NY,14850,US$19.99/month,https://www.anytimemailbox.com/s/ithaca-704-w-buffalo-st,Commercial,N
Markham,3065A W 159th St PMB MAILBOX,Markham,IL,60428,US$9.99/month,https://www.anytimemailbox.com/s/markham-3065a-w-159th-st,Commercial,N
Fort Pierce - Kings Hwy,4888 N Kings Hwy Unit #MAILBOX,Fort Pierce,FL,34951,US$11.99/month,https://www.anytimemailbox.com/s/fort-pierce-4888-n-kings-hwy,Commercial,N
Chicago - Erie St,1 E Erie St Suite 525-MAILBOX,Chicago,IL,60611,US$9.99/month,https://www.anytimemailbox.com/s/chicago-1-east-erie-street,Commercial,N
Los Angeles - Wilshire Blvd (3680),3680 Wilshire Blvd,Los Angeles,CA,90010,US$9.99/month,https://www.anytimemailbox.com/s/los-angeles-3680-wilshire-blvd,Commercial,N
Dallas - LBJ Freeway,3010 LBJ Freeway,Dallas,TX,75234,US$39.99/month,https://www.anytimemailbox.com/s/dallas-3010-lbj-freeway,Commercial,N
Frisco - FM 423,5570 FM 423,Frisco,TX,75036,US$14.99/month,https://www.anytimemailbox.com/s/frisco-5570-fm-423,Commercial,N
Calabasas,26787 Agoura Rd,Calabasas,CA,91302,US$11.99/month,https://www.anytimemailbox.com/s/calabasas-26787-agoura-road,Commercial,N
Fort Mill - Gold Hill Rd (1726),1726 Gold Hill Rd,Fort Mill,SC,29708,US$9.99/month,https://www.anytimemailbox.com/s/fort-mill-1726-gold-hill-road,Commercial,N
Oak Park,137 N Oak Park Ave Ste 207 #MAILBOX,Oak Park,IL,60301,US$15.00/month,https://www.anytimemailbox.com/s/oak-park-137-n-oak-park-avenue,Commercial,N
Detroit - McNichols Rd,11000 W McNichols Rd,Detroit,MI,48221,US$9.99/month,https://www.anytimemailbox.com/s/detroit-11000-w-mcnichols-road,Commercial,N
Greenville - Pelham Rd,8595 Pelham Rd,Greenville,SC,29615,US$10.99/month,https://www.anytimemailbox.com/s/greenville-8595-pelham-road,Commercial,N
Elk Grove - Elk Grove Florin Rd,8465 Elk Grove Florin Rd,Elk Grove,CA,95624,US$9.99/month,https://www.anytimemailbox.com/s/elk-grove-8465-elk-grove-florin-road,Commercial,N
Stone Mountain - Memorial Dr (5055 A),5055 Memorial Dr Ste A #MAILBOX,Stone Mountain,GA,30083,US$9.99/month,https://www.anytimemailbox.com/s/stone-mountain-5055-memorial-drive-a,Commercial,N
Little Falls,463 Main St,Little Falls,NJ,07424,US$9.99/month,https://www.anytimemailbox.com/s/little-falls-463-main-street,Commercial,N
Dallas - Campbell Rd,7522 Campbell Rd,Dallas,TX,75248,US$9.99/month,https://www.anytimemailbox.com/s/dallas-7522-campbell-road,Commercial,N
Jersey City - Town Square Pl,111 Town Square Place,Jersey City,NJ,07310,US$69.99/month,https://www.anytimemailbox.com/s/jersey-city-111-town-square-place,Commercial,N
Iowa City,1566 S Gilbert St Unit #MAILBOX,Iowa City,IA,52240,US$9.99/month,https://www.anytimemailbox.com/s/iowa-city-1566-s-gilbert-street,Commercial,N
Lafayette,5520 Johnston St,Lafayette,LA,70503,US$9.99/month,https://www.anytimemailbox.com/s/lafayette-5520-johnston-street,Commercial,N
San Diego - Palm Ave,4370 Palm Ave,San Diego,CA,92154-1760,US$9.99/month,https://www.anytimemailbox.com/s/san-diego-4370-palm-avenue,Commercial,N
Greensboro - Green Valley Road,701 Green Valley Rd,Greensboro,NC,27408,US$15.99/month,https://www.anytimemailbox.com/s/greensboro-701-green-valley-road,Commercial,N
Missouri City - Hwy 6 (10330),10330 Hwy 6,Missouri City,TX,77459,US$9.99/month,https://www.anytimemailbox.com/s/missouri-city-10330-hwy-6,Commercial,N
California,23415 Three Notch Rd,California,MD,20619,US$14.99/month,https://www.anytimemailbox.com/s/california-23415-three-notch-road,Commercial,N
New Albany,7775 Walton Pkwy,New Albany,OH,43054,US$19.99/month,https://www.anytimemailbox.com/s/new-albany-7775-walton-parkway,Commercial,N
Egg Harbor Township,2600 Tilton Rd,Egg Harbor Township,NJ,08234,US$9.99/month,https://www.anytimemailbox.com/s/egg-harbor-township-2600-tilton-road,Commercial,N
Granite Bay,4120 Douglas Blvd,Granite Bay,CA,95746-5936,US$9.99/month,https://www.anytimemailbox.com/s/granite-bay-4120-douglas-blvd,Commercial,N
McKinney - Hardin Blvd,3001 S Hardin Blvd,McKinney,TX,75070,US$14.99/month,https://www.anytimemailbox.com/s/mckinney-3001-s-hardin-blvd,Commercial,N
Ontario - Milliken Ave,1101 S Milliken Ave,Ontario,CA,91761,US$9.99/month,https://www.anytimemailbox.com/s/ontario-1101-s-milliken-avenue,Commercial,N
Wellington - Wellington Trace,13833 Wellington Trace,Wellington,FL,33414,US$9.99/month,https://www.anytimemailbox.com/s/wellington-13833-wellington-trace,Commercial,N
New York - 5th Ave,276 5th Avenue,New York,NY,10001,US$49.99/month,https://www.anytimemailbox.com/s/new-york-276-5th-avenue,Commercial,N
Corona - Foothill Pkwy,1973 Foothill Pkwy,Corona,CA,92881,US$11.99/month,https://www.anytimemailbox.com/s/corona-1973-foothill-pkwy,Commercial,N
Dallas - Central Expwy (8080),8080 N Central Expressway,Dallas,TX,75206,US$49.99/month,https://www.anytimemailbox.com/s/dallas-8080-north-central-expressway,Commercial,N
Atlanta - Commerce Dr,"3800 Camp Creek Pkwy, Building 1400 Ste 116B #MAILBOX",Atlanta,GA,30331,US$9.99/month,https://www.anytimemailbox.com/s/atlanta-3900-n-commerce-drive,Commercial,N
Livermore,2150 Portola Ave,Livermore,CA,94551,US$14.99/month,https://www.anytimemailbox.com/s/livermore-2150-portola-avenue,Commercial,N
Plainfield,108 Watchung Ave,Plainfield,NJ,07060,US$20.99/month,https://www.anytimemailbox.com/s/plainfield-108-watchung-avenue,Commercial,N
Rocklin - Sunset Blvd,3101 Sunset Blvd Ste 2C Unit #MAILBOX,Rocklin,CA,95677,US$12.99/month,https://www.anytimemailbox.com/s/rocklin-3101-sunset-blvd,Commercial,N
Waxhaw,3919 Providence Rd S,Waxhaw,NC,28173,US$9.99/month,https://www.anytimemailbox.com/s/waxhaw-3919-providence-road-s,Commercial,N
Cleveland - Shaker Blvd (11811),11811 Shaker Blvd,Cleveland,OH,44120,US$12.00/month,https://www.anytimemailbox.com/s/cleveland-11811-shaker-blvd,Commercial,N
El Monte - Lower Azusa Rd,11007 Lower Azusa Rd,El Monte,CA,91731,US$10.99/month,https://www.anytimemailbox.com/s/el-monte-11007-lower-azusa-road,Commercial,N
Campbell,2100 S Bascom Ave,Campbell,CA,95008,US$9.99/month,https://www.anytimemailbox.com/s/campbell-2100-s-bascom-avenue,Commercial,N
Rochester,1029 Lyell Ave,Rochester,NY,14606,US$8.99/month,https://www.anytimemailbox.com/s/rochester-1029-lyell-avenue,Commercial,N
Huntersville,14316 Reese Blvd. West,Huntersville,NC,28078,US$12.99/month,https://www.anytimemailbox.com/s/huntersville-9911-rose-commons-drive,Commercial,N
Nashville - Hillsboro Pike,4235 Hillsboro Pike,Nashville,TN,37215,US$49.99/month,https://www.anytimemailbox.com/s/nashville-4235-hillsboro-pike,Commercial,N
Beverly Hills - Wilshire Blvd (9100),9100 Wilshire Blvd,Beverly Hills,CA,90212,US$9.49/month,https://www.anytimemailbox.com/s/beverly-hills-9100-wilshire-blvd,Commercial,N
Boulder - 30th St,1630 30th St,Boulder,CO,80301,US$19.99/month,https://www.anytimemailbox.com/s/boulder-1630-30th-street,Commercial,N
Rehoboth Beach - Coastal Hwy (19266),19266 Coastal Hwy Unit 4-MAILBOX,Rehoboth Beach,DE,19971,US$9.99/month,https://www.anytimemailbox.com/s/rehoboth-beach-19266-coastal-hwy,Commercial,N
Rockville - Parklawn Dr,12345 Parklawn Dr,Rockville,MD,20852,US$9.99/month,https://www.anytimemailbox.com/s/rockville-12345-parklawn-drive,Commercial,N
Los Angeles - Western Ave (338),338 S Western Ave,Los Angeles,CA,90020,US$13.99/month,https://www.anytimemailbox.com/s/los-angeles-338-s-western-ave,Commercial,N
Henderson - Horizon Ridge Pkwy (1550),1550 W Horizon Ridge Pkwy,Henderson,NV,89012,US$9.99/month,https://www.anytimemailbox.com/s/henderson-1550-w-horizon-ridge-pkwy,Commercial,N
Fayetteville - Footbridge Lane,3350 Footbridge Ln,Fayetteville,NC,28306,US$11.99/month,https://www.anytimemailbox.com/s/fayetteville-3350-footbridge-lane,Commercial,N
Los Angeles - Wilshire Blvd (611),611 Wilshire Blvd,Los Angeles,CA,90017,US$9.49/month,https://www.anytimemailbox.com/s/los-angeles-611-wilshire-blvd,Commercial,N
Corona - Green River Rd,2621 Green River Rd,Corona,CA,92882,US$19.99/month,https://www.anytimemailbox.com/s/corona-2621-green-river-road,Commercial,N
Belmont,901 South Point Rd,Belmont,NC,28012,US$9.99/month,https://www.anytimemailbox.com/s/belmont-901-south-point-road,Commercial,N
Oak Park,21700 Greenfield Rd,Oak Park,MI,48237,US$9.99/month,https://www.anytimemailbox.com/s/oak-park-21700-greenfield-road,Commercial,N
Houston - Westheimer Pkwy,15015 Westheimer Pkwy,Houston,TX,77082,US$9.99/month,https://www.anytimemailbox.com/s/houston-15015-westheimer-parkway,Commercial,N
Port Aransas,1023 State Hwy 361,Port Aransas,TX,78373,US$9.99/month,https://www.anytimemailbox.com/s/port-aransas-1023-state-hwy-361,Commercial,N
Silver Spring - Columbia Pike,10770 Columbia Pike,Silver Spring,MD,20901,US$9.99/month,https://www.anytimemailbox.com/s/silver-spring-10770-columbia-pike,Commercial,N
Clearwater - Drew St,912 Drew St Ste 202 #MAILBOX,Clearwater,FL,33755,US$39.99/month,https://www.anytimemailbox.com/s/clearwater-912-drew-street,Commercial,N
Philadelphia - Castor Ave (7244),7244 Castor Ave,Philadelphia,PA,19149,US$9.99/month,https://www.anytimemailbox.com/s/philadelphia-7244-castor-avenue,Commercial,N
Dallas - Noel Rd (13355),13355 Noel Road,Dallas,TX,75240,US$39.99/month,https://www.anytimemailbox.com/s/dallas-13355-noel-road,Commercial,N
Chino - Central Ave (12564),12564 Central Ave,Chino,CA,91710-3573,US$14.99/month,https://www.anytimemailbox.com/s/chino-12564-central-avenue,Commercial,N
Lake Worth - Lantana Rd,4550 Lantana Rd,Lake Worth,FL,33463,US$9.99/month,https://www.anytimemailbox.com/s/lake-worth-4550-lantana-road,Commercial,N
Las Vegas - Sunset Rd (2510),2510 E Sunset Rd,Las Vegas,NV,89120,US$9.99/month,https://www.anytimemailbox.com/s/las-vegas-2510-e-sunset-road,Commercial,N
Parsippany - Campus Dr,8 Campus Dr,Parsippany,NJ,07054,US$69.00/month,https://www.anytimemailbox.com/s/parsippany-8-campus-drive,Commercial,N
Charleston,1750 Remount Rd,Charleston,SC,29406,US$16.99/month,https://www.anytimemailbox.com/s/charleston-1750-remount-road,Commercial,N
Medford - Barnett Rd,2640 E Barnett Rd,Medford,OR,97504,US$15.00/month,https://www.anytimemailbox.com/s/medford-2640-e-barnett-road,Commercial,N
Fort Worth - Beach St,12650 N Beach St,Fort Worth,TX,76244,US$9.99/month,https://www.anytimemailbox.com/s/fort-worth-12650-n-beach-street,Commercial,N
San Jose - San Carlos St (123),123 E San Carlos St,San Jose,CA,95112,US$14.99/month,https://www.anytimemailbox.com/s/san-jose-123-e-san-carlos-street,Commercial,N
San Dimas - East Arrow Hwy,301 E Arrow Hwy,San Dimas,CA,91773,US$9.99/month,https://www.anytimemailbox.com/s/san-dimas-301-east-arrow-highway,Commercial,N
Troy,801 W Big Beaver Rd,Troy,MI,48084,US$39.99/month,https://www.anytimemailbox.com/s/troy-801-w-big-beaver-road,Commercial,N
Fort Collins - Shields St,2519 S Shields Street,Fort Collins,CO,80526,US$9.99/month,https://www.anytimemailbox.com/s/fort-collins-2519-s-shields-street,Commercial,N
Towson - Washington Ave,200 Washington Ave,Towson,MD,21204,US$40.00/month,https://www.anytimemailbox.com/s/towson-200-washington-ave,Commercial,N
Fort Worth - Crockett St,2833 Crockett St,Fort Worth,TX,76107,US$9.99/month,https://www.anytimemailbox.com/s/fort-worth-2833-crockett-street,Commercial,N
Fountain Valley - Warner Ave,11037 Warner Ave,Fountain Valley,CA,92708,US$19.99/month,https://www.anytimemailbox.com/s/fountain-valley-11037-warner-ave,Commercial,N
Miami - 1st St (111),111 NE 1st Street,Miami,FL,33132,US$19.99/month,https://www.anytimemailbox.com/s/miami-111-ne-1st-street,Commercial,N
Suwanee - Lawrenceville Suwanee Rd (3255),3255 Lawrenceville Suwanee Rd Suite PMAILBOX,Suwanee,GA,30024,US$9.99/month,https://www.anytimemailbox.com/s/suwanee-3255-lawrenceville-suwanee-road,Commercial,N
St Petersburg,3110 1st Ave N,St Petersburg,FL,33713,US$9.99/month,https://www.anytimemailbox.com/s/st-petersburg-3110-1st-avenue-north,Commercial,N
Denver - Logan St,1580 N Logan St,Denver,CO,80203,US$29.99/month,https://www.anytimemailbox.com/s/denver-1580-n-logan-street,Commercial,N
Mahwah,479 State Rte. 17 N,Mahwah,NJ,07430,US$19.99/month,https://www.anytimemailbox.com/s/mahwah-479-state-route-17-north,Commercial,N
Houston - Greenhouse Rd,2404 Greenhouse Rd,Houston,TX,77084,US$9.99/month,https://www.anytimemailbox.com/s/houston-2404-greenhouse-road,Commercial,N
San Jose - First St,2150 N First St,San Jose,CA,95131,US$19.99/month,https://www.anytimemailbox.com/s/san-jose-2150-n-first-street,Commercial,N
Saint Joseph,4797 Sienna Dr,Saint Joseph,MO,64506,US$11.99/month,https://www.anytimemailbox.com/s/saint-joseph-4797-sienna-dr,Commercial,N
Chicago - Michigan Ave (605),605 N Michigan Ave 4th Floor #MAILBOX,Chicago,IL,60611,US$19.99/month,https://www.anytimemailbox.com/s/chicago-605-n-michigan-ave,Commercial,N
Royal Oak,220 S Main St,Royal Oak,MI,48067,US$60.00/month,https://www.anytimemailbox.com/s/royal-oak-220-s-main-st,Commercial,N
Bartonville,2650 FM 407 E,Bartonville,TX,76226,US$11.99/month,https://www.anytimemailbox.com/s/bartonville-2650-fm-407-e,Commercial,N
Katy - Morton Rd,21803 Morton Rd,Katy,TX,77449,US$9.99/month,https://www.anytimemailbox.com/s/katy-21803-morton-road,Commercial,N
Deerfield,2515 Waukegan Road #MAILBOX,Deerfield,IL,60015,US$19.99/month,https://www.anytimemailbox.com/s/deerfield-2515-waukegan-road,Commercial,N
Southern Pines,135 W Illinois Ave,Southern Pines,NC,28387,US$10.99/month,https://www.anytimemailbox.com/s/southern-pines-135-west-illinois-avenue,Commercial,N
Menifee - Bradley Rd,28005 Bradley Rd,Menifee,CA,92586,US$9.99/month,https://www.anytimemailbox.com/s/menifee-28005-bradley-road,Commercial,N
Timonium - York Rd (2219),2219 York Rd,Timonium,MD,21093,US$9.99/month,https://www.anytimemailbox.com/s/timonium-2219-york-road,Commercial,N
Boston - Boylston St,867 Boylston St,Boston,MA,02116,US$10.97/month,https://www.anytimemailbox.com/s/boston-867-boylston-street,Commercial,N
Las Vegas - Blue Diamond Rd,5155 Blue Diamond Rd,Las Vegas,NV,89139,US$9.99/month,https://www.anytimemailbox.com/s/las-vegas-5155-blue-diamond-road,Commercial,N
Houston - Wilcrest Dr (3200),3200 Wilcrest Dr,Houston,TX,77042,US$9.99/month,https://www.anytimemailbox.com/s/houston-3200-wilcrest-drive,Commercial,N
Sacramento - Folsom Blvd (8399),8399 Folsom Blvd,Sacramento,CA,95826,US$9.99/month,https://www.anytimemailbox.com/s/sacramento-8399-folsom-blvd,Commercial,N
Laplace - Cambridge Dr,948 Cambridge Dr,Laplace,LA,70068,US$9.99/month,https://www.anytimemailbox.com/s/laplace-948-cambridge-drive,Commercial,N
Houston - Woodhead St,4212 Woodhead St,Houston,TX,77098,US$9.99/month,https://www.anytimemailbox.com/s/houston-4212-woodhead-street,Commercial,N
New Jersey - Milburn Ave,2040 Millburn Ave,Maplewood,NJ,07040,US$15.99/month,https://www.anytimemailbox.com/s/new-jersey-2040-milburn-avenue,Commercial,N
San Francisco - Post St,490 Post St,San Francisco,CA,94102,US$14.95/month,https://www.anytimemailbox.com/s/san-francisco-490-post-street,Commercial,N
Fort Mill - Hwy 160,1646 W Hwy 160,Fort Mill,SC,29708,US$11.49/month,https://www.anytimemailbox.com/s/fort-mill-1646-west-hwy-160,Commercial,N
Charlotte - Toringdon Way,3540 Toringdon Way,Charlotte,NC,28277,US$26.99/month,https://www.anytimemailbox.com/s/charlotte-3540-toringdon-way,Commercial,N
Lanham - Forbes Blvd,4500 Forbes Blvd,Lanham,MD,20706,US$9.99/month,https://www.anytimemailbox.com/s/lanham-4500-forbes-blvd,Commercial,N
Henderson - Stephanie St,209 S Stephanie St,Henderson,NV,89012,US$9.99/month,https://www.anytimemailbox.com/s/henderson-209-s-stephanie-street,Commercial,N
Lodi - Kettleman Ln,1040 W Kettleman Lane,Lodi,CA,95240,US$9.99/month,https://www.anytimemailbox.com/s/lodi-1040-west-kettleman-lane,Commercial,N
Pawleys Island,115 Willbrook Blvd,Pawleys Island,SC,29585,US$9.99/month,https://www.anytimemailbox.com/s/pawleys-island-115-willbrook-blvd,Commercial,N
Boulder - Arapahoe Ave (5360),5360 Arapahoe Ave,Boulder,CO,80303,US$9.99/month,https://www.anytimemailbox.com/s/boulder-5360-arapahoe-ave,Commercial,N
Portland - 42nd Ave,2000 NE 42nd Ave,Portland,OR,97213,US$9.99/month,https://www.anytimemailbox.com/s/portland-2000-ne-42nd-avenue,Commercial,N
Ocala - 17th St,1202 SW 17th St,Ocala,FL,34471,US$11.99/month,https://www.anytimemailbox.com/s/ocala-1202-sw-17th-street,Commercial,N
Bluffton,30 Plantation Park Dr,Bluffton,SC,29910,US$9.99/month,https://www.anytimemailbox.com/s/bluffton-30-plantation-park-drive,Commercial,N
Houston - Southwest Fwy,3120 Southwest Fwy,Houston,TX,77098,US$19.99/month,https://www.anytimemailbox.com/s/houston-3120-southwest-fwy,Commercial,N
Simpsonville,2607 Woodruff Rd,Simpsonville,SC,29681,US$9.99/month,https://www.anytimemailbox.com/s/simpsonville-2607-woodruff-road,Commercial,N
Camarillo - Lantana St,330 N Lantana St,Camarillo,CA,93010,US$9.99/month,https://www.anytimemailbox.com/s/camarillo-330-n-lantana-street,Commercial,N
Tavares,2010 State Rd 19,Tavares,FL,32778,US$9.99/month,https://www.anytimemailbox.com/s/tavares-2010-state-road-19,Commercial,N
Hermitage,5510 Old Hickory Blvd,Hermitage,TN,37076,US$11.99/month,https://www.anytimemailbox.com/s/hermitage-5510-old-hickory-blvd,Commercial,N
Houston - San Felipe St (5161),5161 San Felipe St,Houston,TX,77056,US$9.99/month,https://www.anytimemailbox.com/s/houston-5161-san-felipe-street,Commercial,N
Lawrenceville - Buford Dr,2380 Buford Dr Ste 109 PMB MAILBOX,Lawrenceville,GA,30043,US$11.99/month,https://www.anytimemailbox.com/s/lawrenceville-2380-buford-dr,Commercial,N
Miami - Biscayne Blvd (2125),2125 Biscayne Blvd,Miami,FL,33137,US$19.99/month,https://www.anytimemailbox.com/s/miami-2125-biscayne-blvd,Commercial,N
Allen - McDermott Dr,1314 W McDermott Dr,Allen,TX,75013,US$9.99/month,https://www.anytimemailbox.com/s/allen-1314-w-mcdermott-drive,Commercial,N
Henderson - Horizon Ridge Pkwy (35),35 E Horizon Ridge Pkwy,Henderson,NV,89002,US$9.99/month,https://www.anytimemailbox.com/s/henderson-35-e-horizon-ridge-pkwy,Commercial,N
Charlotte - Lancaster Hwy (15025),15025 Lancaster Hwy,Charlotte,NC,28277,US$9.99/month,https://www.anytimemailbox.com/s/charlotte-15025-lancaster-hwy,Commercial,N
Pensacola - 9 Mile Rd,1449 West Nine Mile Rd,Pensacola,FL,32534,US$9.99/month,https://www.anytimemailbox.com/s/pensacola-1449-west-9-mile-road,Commercial,N
San Bernardino - W Mill St,1353 W Mill St,San Bernardino,CA,92410,US$9.99/month,https://www.anytimemailbox.com/s/san-bernardino-1353-w-mill-street,Commercial,N
Jonestown,18601 FM 1431,Jonestown,TX,78645,US$9.89/month,https://www.anytimemailbox.com/s/jonestown-18601-ranch-road-1431,Commercial,N
Lincoln - Plantation Dr,3400 Plantation Dr,Lincoln,NE,68516,US$14.99/month,https://www.anytimemailbox.com/s/lincoln-3400-plantation-drive,Commercial,N
Los Angeles - Westwood Blvd (1575),1575 Westwood Blvd,Los Angeles,CA,90024,US$9.95/month,https://www.anytimemailbox.com/s/los-angeles-1575-westwood-blvd,Commercial,N
San Francisco - Geary St,28 Geary St,San Francisco,CA,94108,US$13.99/month,https://www.anytimemailbox.com/s/san-francisco-166-geary-street,Commercial,N
Oviedo,2871 Clayton Crossing Wy,Oviedo,FL,32765,US$9.99/month,https://www.anytimemailbox.com/s/oviedo-2871-clayton-crossing-wy,Commercial,N
Las Vegas - S Pecos Road,5075D S Pecos Rd,Las Vegas,NV,89120,US$12.99/month,https://www.anytimemailbox.com/s/las-vegas-5075d-s-pecos-road,Commercial,N
New York - Broadway (447),447 Broadway,New York,NY,10013,US$13.99/month,https://www.anytimemailbox.com/s/new-york-447-broadway,Commercial,N
Glen Cove - Brewster St,5 Brewster Street,Glen Cove,NY,11542,US$8.99/month,https://www.anytimemailbox.com/s/glen-cove-5-brewster-street,Commercial,N
Plano - Plano Pkwy,6275 W Plano Pkwy,Plano,TX,75093,US$49.99/month,https://www.anytimemailbox.com/s/plano-6275-w-plano-parkway,Commercial,N
Garfield Heights,5706 Turney Rd,Garfield Heights,OH,44125,US$12.00/month,https://www.anytimemailbox.com/s/garfield-heights-5706-turney-road,Commercial,N
Bend - 3rd St,1900 NE 3rd St,Bend,OR,97701,US$16.99/month,https://www.anytimemailbox.com/s/bend-1900-ne-3rd-street,Commercial,N
San Diego - University Ave (1050),1050 University Ave,San Diego,CA,92103,US$9.99/month,https://www.anytimemailbox.com/s/san-diego-1050-university-avenue,Commercial,N
San Diego - Kettner Blvd,1050 Kettner Blvd,San Diego,CA,92101,US$9.99/month,https://www.anytimemailbox.com/s/san-diego-1050-kettner-blvd,Commercial,N
Lansing,​3721 W Michigan Ave,Lansing,MI,48917,US$9.99/month,https://www.anytimemailbox.com/s/lansing-3721-w-michigan-ave,Commercial,N
Plano - Tennyson Pkwy,5700 Tennyson Pkwy,Plano,TX,75024,US$49.99/month,https://www.anytimemailbox.com/s/plano-5700-tennyson-parkway,Commercial,N
New Orleans - Poydras St,601 Poydras St,New Orleans,LA,70130,US$9.99/month,https://www.anytimemailbox.com/s/new-orleans-601-poydras-street,Commercial,N
Las Vegas - Durango Dr (6955),6955 N Durango Dr,Las Vegas,NV,89149,US$9.99/month,https://www.anytimemailbox.com/s/las-vegas-6955-n-durango-drive,Commercial,N
Dacula,831 Auburn Rd Ste 210 #MAILBOX,Dacula,GA,30019,US$9.99/month,https://www.anytimemailbox.com/s/dacula-831-auburn-road,Commercial,N
Mooresville - Trade Ct,125 Trade Ct,Mooresville,NC,28117,US$10.99/month,https://www.anytimemailbox.com/s/mooresville-125-trade-court,Commercial,N
Beaverton - Murray Scholls Dr,14845 SW Murray Scholls Dr,Beaverton,OR,97007,US$14.99/month,https://www.anytimemailbox.com/s/beaverton-14845-sw-murray-scholls-drive,Commercial,N
Knoxville - Northshore Dr,7741 S Northshore Dr,Knoxville,TN,37919,US$9.99/month,https://www.anytimemailbox.com/s/knoxville-7741-s-northshore-drive,Commercial,N
Palm Desert - Varner Rd,78206 Varner Rd,Palm Desert,CA,92211,US$12.99/month,https://www.anytimemailbox.com/s/palm-desert-78206-varner-road,Commercial,N
Thousand Oaks - Avenida De Los Arboles,365 E Avenida De Los Arboles #MAILBOX,Thousand Oaks,CA,91360,US$11.99/month,https://www.anytimemailbox.com/s/thousand-oaks-365-e-avenida-de-los-arboles,Commercial,N
Columbus - Westerville Rd,3296 Westerville Rd,Columbus,OH,43224,US$12.99/month,https://www.anytimemailbox.com/s/columbus-3296-westerville-road,Commercial,N
Phoenix - Central Ave,2828 N Central Ave Ste 1000 #MAILBOX,Phoenix,AZ,85004,US$19.99/month,https://www.anytimemailbox.com/s/phoenix-2828-n-central-ave,Commercial,N
Elgin - Douglas Ave,11 Douglas Ave Suite 251 #MAILBOX,Elgin,IL,60120,US$12.00/month,https://www.anytimemailbox.com/s/elgin-11-douglas-avenue,Commercial,N
Mount Pleasant,1985 Riviera Dr,Mount Pleasant,SC,29464,US$15.99/month,https://www.anytimemailbox.com/s/mount-pleasant-1985-riviera-drive,Commercial,N
Richfield,6417 Penn Ave S,Minneapolis,MN,55423,US$9.99/month,https://www.anytimemailbox.com/s/richfield-6417-penn-ave-south,Commercial,N
San Diego - B St (550),550 West B Street,San Diego,CA,92101,US$59.00/month,https://www.anytimemailbox.com/s/san-diego-550-west-b-street,Commercial,N
Houston - Hillcroft St (6065),6065 Hillcroft St,Houston,TX,77081,US$12.99/month,https://www.anytimemailbox.com/s/houston-6065-hillcroft-street,Commercial,N
Katy - Grand Pkwy,1450 W Grand Pkwy S,Katy,TX,77494,US$9.99/month,https://www.anytimemailbox.com/s/katy-1450-w-grand-pkwy-s,Commercial,N
Houston - Memorial Dr,12645 Memorial Dr,Houston,TX,77024,US$12.99/month,https://www.anytimemailbox.com/s/houston-12645-memorial-drive,Commercial,N
Ephrata,848 E Main St,Ephrata,PA,17522,US$9.99/month,https://www.anytimemailbox.com/s/ephrata-848-e-main-street,Commercial,N
Bel Air - Sepulveda Blvd,651 N Sepulveda Blvd,Bel Air,CA,90049,US$19.99/month,https://www.anytimemailbox.com/s/bel-air-651-n-sepulveda-blvd,Commercial,N
Los Angeles - Century Blvd,5777 W. Century Blvd.,Los Angeles,CA,90045,US$15.99/month,https://www.anytimemailbox.com/s/los-angeles-5777-w-century-blvd,Commercial,N
Rockville - King Farm Blvd,402 King Farm Blvd,Rockville,MD,20850,US$9.99/month,https://www.anytimemailbox.com/s/rockville-402-king-farm-blvd,Commercial,N
Waldorf - Saint Patrick Dr,173 Saint Patricks Dr,Waldorf,MD,20603,US$9.99/month,https://www.anytimemailbox.com/s/waldorf-173-saint-patrick-drive,Commercial,N
Charlotte - East Blvd,1235 East Blvd,Charlotte,NC,28203,US$9.99/month,https://www.anytimemailbox.com/s/charlotte-1235-east-boulevard,Commercial,N
Dallas - Illinois Ave,655 W Illinois Ave,Dallas,TX,75224,US$9.99/month,https://www.anytimemailbox.com/s/dallas-655-w-illinois-ave,Commercial,N
Houston - Greenway Plaza,24 Greenway Plaza,Houston,TX,77046,US$49.99/month,https://www.anytimemailbox.com/s/houston-24-greenway-plaza,Commercial,N
Austin - Tillery St,701 Tillery St,Austin,TX,78702,US$19.99/month,https://www.anytimemailbox.com/s/austin-701-tillery-street,Commercial,N
Gladstone,45 82nd Dr,Gladstone,OR,97027,US$12.99/month,https://www.anytimemailbox.com/s/gladstone-45-82nd-drive,Commercial,N
Palm Springs - Congress Ave,3329 S Congress Ave,Palm Springs,FL,33461,US$9.99/month,https://www.anytimemailbox.com/s/palm-springs-3329-s-congress-avenue,Commercial,N
Katy - Texas Heritage Pkwy,2340 Texas Heritage Pkwy,Katy,TX,77494,US$9.99/month,https://www.anytimemailbox.com/s/katy-2340-texas-heritage-pkwy,Commercial,N
Katy - Katy Fwy,24600 Katy Fwy,Katy,TX,77494-7819,US$9.99/month,https://www.anytimemailbox.com/s/katy-24600-katy-fwy,Commercial,N
Tampa - 56th St,7402 N 56th St,Tampa,FL,33617,US$9.99/month,https://www.anytimemailbox.com/s/tampa-7402-n-56th-street,Commercial,N
Lodi - Hutchins St,1030 S Hutchins St,Lodi,CA,95240,US$9.99/month,https://www.anytimemailbox.com/s/lodi-1030-s-hutchins-street,Commercial,N
Happy Valley,13203 SE 172nd Ave,Happy Valley,OR,97086,US$9.99/month,https://www.anytimemailbox.com/s/happy-valley-13203-se-172nd-avenue,Commercial,N
Greenville - Fire Tower Rd,2120 E Fire Tower Rd,Greenville,NC,27858,US$9.99/month,https://www.anytimemailbox.com/s/greenville-2120-e-fire-tower-road,Commercial,N
Ocala - Silver Springs Blvd,4901 E Silver Springs Blvd,Ocala,FL,34470,US$11.99/month,https://www.anytimemailbox.com/s/ocala-4901-e-silver-springs-blvd,Commercial,N
Dallas - Martin Luther King Blvd,3225 Martin Luther King Blvd,Dallas,TX,75210,US$19.99/month,https://www.anytimemailbox.com/s/dallas-3225-martin-luther-king-blvd,Commercial,N
Naples - Everglades Blvd,55 Everglades Blvd N,Naples,FL,34120,US$9.99/month,https://www.anytimemailbox.com/s/naples-55-everglades-blvd-north,Commercial,N
Irving - MacArthur Blvd,4020 N MacArthur Blvd,Irving,TX,75038,US$9.99/month,https://www.anytimemailbox.com/s/irving-4020-n-macarthur-blvd,Commercial,N
Austin - Quinlan Park Rd,2900 N Quinlan Park Rd,Austin,TX,78732,US$9.99/month,https://www.anytimemailbox.com/s/austin-2900-n-quinlan-park-road,Commercial,N
El Dorado Hills,3385 Bass Lake Rd,El Dorado Hills,CA,95762,US$12.99/month,https://www.anytimemailbox.com/s/el-dorado-hills-3385-bass-lake-road,Commercial,N
Las Vegas - Eastern Ave,8565 S Eastern Ave,Las Vegas,NV,89123,US$11.99/month,https://www.anytimemailbox.com/s/las-vegas-8565-s-eastern-ave,Commercial,N
Utica,1926 Genesee St,Utica,NY,13501,US$9.99/month,https://www.anytimemailbox.com/s/utica-1926-genesee-street,Commercial,N
Moreno Valley - Perris Blvd,14910 Perris Blvd,Moreno Valley,CA,92553,US$11.99/month,https://www.anytimemailbox.com/s/moreno-valley-14910-perris-blvd,Commercial,N
Niceville - Hwy 20 (4566),4566 E Hwy 20,Niceville,FL,32578,US$11.99/month,https://www.anytimemailbox.com/s/niceville-4566-e-highway-20,Commercial,N
Katy - S Fry Rd (515),515 S Fry Rd,Katy,TX,77450,US$9.99/month,https://www.anytimemailbox.com/s/katy-515-s-fry-road,Commercial,N
Mansfield,1301 E Debbie Ln,Mansfield,TX,76063,US$9.99/month,https://www.anytimemailbox.com/s/mansfield-1301-e-debbie-lane,Commercial,N
Los Angeles - Olympic Blvd (3003-106),3003 W Olympic Blvd,Los Angeles,CA,90006,US$14.99/month,https://www.anytimemailbox.com/s/los-angeles-3003-106-w-olympic-blvd,Commercial,N
Elkins Park - Cheltenham Ave,1135 W Cheltenham Ave,Elkins Park,PA,19027,US$9.99/month,https://www.anytimemailbox.com/s/elkins-park-1135-w-cheltenham-ave,Commercial,N
Reno - McCarran Blvd,10580 N McCarran Blvd,Reno,NV,89503,US$25.00/month,https://www.anytimemailbox.com/s/reno-10580-n-mccarran-blvd,Commercial,N
Davis - Mace Blvd,417 Mace Blvd,Davis,CA,95618,US$14.99/month,https://www.anytimemailbox.com/s/davis-417-mace-blvd,Commercial,N
Albany,69 State St,Albany,NY,12207,US$19.99/month,https://www.anytimemailbox.com/s/albany-69-state-street,Commercial,N
North Branch,38868 12th Ave,North Branch,MN,55056,US$11.99/month,https://www.anytimemailbox.com/s/north-branch-38868-12th-avenue,Commercial,N
Orlando - Edgewater Dr,3019 Edgewater Dr,Orlando,FL,32804,US$14.99/month,https://www.anytimemailbox.com/s/orlando-3019-edgewater-drive,Commercial,N
Lanham - Derekwood Ln,10001 Derekwood Ln,Lanham,MD,20706,US$9.99/month,https://www.anytimemailbox.com/s/lanham-10001-derekwood-lane,Commercial,N
Lexington - Winchester Road,952 Winchester Rd,Lexington,KY,40505,US$9.99/month,https://www.anytimemailbox.com/s/lexington-952-winchester-road,Commercial,N
Lakewood Ranch - Rd 70,11161 E State Rd 70,Lakewood Ranch,FL,34202,US$9.99/month,https://www.anytimemailbox.com/s/lakewood-ranch-11161-e-state-rd-70,Commercial,N
Las Vegas - Las Vegas Blvd,9620 S Las Vegas Blvd,Las Vegas,NV,89123,US$9.99/month,https://www.anytimemailbox.com/s/las-vegas-9620-s-las-vegas-blvd,Commercial,N
Longwood - N US Hwy 17 92,731 N US Hwy 17 92,Longwood,FL,32750,US$9.99/month,https://www.anytimemailbox.com/s/longwood-731-n-us-hwy-17-92,Commercial,N
Cornelius - Cove Rd,19825 N Cove Rd,Cornelius,NC,28031,US$9.99/month,https://www.anytimemailbox.com/s/cornelius-19825-n-cove-rd,Commercial,N
Baltimore - 36th St,1014 W 36th St,Baltimore,MD,21211,US$19.97/month,https://www.anytimemailbox.com/s/baltimore-1014-w-36th-street,Commercial,N
Morristown,463 Crockett Trace Dr,Morristown,TN,37813,US$9.99/month,https://www.anytimemailbox.com/s/morristown-463-crockett-trace-dr,Commercial,N
Dublin,4101 Dublin Blvd,Dublin,CA,94568,US$9.99/month,https://www.anytimemailbox.com/s/dublin-4101-dublin-blvd,Commercial,N
Atlanta - Peachtree Rd (3343),3343 Peachtree Rd NE Ste 180 #MAILBOX,Atlanta,GA,30326,US$19.99/month,https://www.anytimemailbox.com/s/atlanta-3343-peachtree-road-ne,Commercial,N
Driftwood,18281 FM 150 W,Driftwood,TX,78619,US$9.99/month,https://www.anytimemailbox.com/s/driftwood-18281-fm-150-west,Commercial,N
Centennial,"9615 E County Line Rd, Ste. B-MAILBOX",Centennial,CO,80112,US$19.99/month,https://www.anytimemailbox.com/s/centennial-9615-e-county-line-road,Commercial,N
San Diego - Hazard Center Dr,7710 Hazard Center Dr,San Diego,CA,92108,US$11.99/month,https://www.anytimemailbox.com/s/san-diego-7710-hazard-center-drive,Commercial,N
Austin - Plaza on the Lake,5000 Plaza on the Lake,Austin,TX,78746,US$19.99/month,https://www.anytimemailbox.com/s/austin-5000-plaza-on-the-lake,Commercial,N
Vero Beach - Hwy 1 (5220),5220 US Hwy 1,Vero Beach,FL,32967,US$24.99/month,https://www.anytimemailbox.com/s/vero-beach-5220-us-hwy-1,Commercial,N
Estero,10020 Coconut Rd Ste 138 #MAILBOX,Estero,FL,34135,US$9.99/month,https://www.anytimemailbox.com/s/estero-10020-coconut-road,Commercial,N
Irmo - Lake Murray Blvd,945 Lake Murray Blvd,Irmo,SC,29063,US$9.99/month,https://www.anytimemailbox.com/s/irmo-945-lake-murray-blvd,Commercial,N
Bloomington,8500 Normandale Lake Blvd,Bloomington,MN,55437,US$39.99/month,https://www.anytimemailbox.com/s/bloomington-8500-normandale-lake-blvd,Commercial,N
Los Angeles - Hollywood Blvd,7095 Hollywood Blvd #MAILBOX,Hollywood,CA,90028,US$19.99/month,https://www.anytimemailbox.com/s/hollywood-7095-hollywood-blvd,Commercial,N
Columbia - Stanford Blvd,8850 Stanford Blvd,Columbia,MD,21045,US$11.99/month,https://www.anytimemailbox.com/s/columbia-8850-stanford-blvd,Commercial,N
Moore,519 SW 4th St,Moore,OK,73160,US$9.99/month,https://www.anytimemailbox.com/s/moore-519-sw-4th-street,Commercial,N
Gainesville,806 NW 16TH Ave Unit #MAILBOX,Gainesville,FL,32601,US$8.99/month,https://www.anytimemailbox.com/s/gainesville-806-nw-16th-avenue,Commercial,N
Houston - Main St,1000 Main St,Houston,TX,77002,US$59.99/month,https://www.anytimemailbox.com/s/houston-1000-main-street,Commercial,N
Morrisville - TW Alexander Dr,2121 TW Alexander Dr,Morrisville,NC,27560,US$9.99/month,https://www.anytimemailbox.com/s/morrisville-2121-tw-alexander-drive,Commercial,N
Jacksonville - Western Blvd,1250 Western Blvd,Jacksonville,NC,28546,US$12.00/month,https://www.anytimemailbox.com/s/jacksonville-1250-western-blvd,Commercial,N
Oceanside - Oceanside,4140 Oceanside Blvd,Oceanside,CA,92056,US$19.99/month,https://www.anytimemailbox.com/s/oceanside-4140-oceanside-blvd,Commercial,N
Slidell - Gause Blvd (2159),2159 Gause Blvd E,Slidell,LA,70461,US$9.99/month,https://www.anytimemailbox.com/s/slidell-2159-gause-blvd-east,Commercial,N
Gearhart,3095 HW 101 N,Gearhart,OR,97138,US$9.99/month,https://www.anytimemailbox.com/s/gearhart-3095-hw-101-n,Commercial,N
Laurens,328 Hillcrest Dr,Laurens,SC,29360,US$9.99/month,https://www.anytimemailbox.com/s/laurens-328-hillcrest-drive,Commercial,N
Anaheim - Tustin Ave,1081 N Tustin Ave,Anaheim,CA,92807,US$9.99/month,https://www.anytimemailbox.com/s/anaheim-1081-n-tustin-ave,Commercial,N
Annapolis,1125 West Street,Annapolis,MD,21401,US$49.99/month,https://www.anytimemailbox.com/s/annapolis-1125-west-street,Commercial,N
Detroit - Grand Blvd (2785),2785 E Grand Blvd,Detroit,MI,48211,US$12.99/month,https://www.anytimemailbox.com/s/detroit-2785-e-grand-blvd,Commercial,N
Farmersville,604 State Hwy 78 N,Farmersville,TX,75442,US$9.99/month,https://www.anytimemailbox.com/s/farmersville-604-state-hwy-78-north,Commercial,N
Novato,926 Diablo Ave,Novato,CA,94947,US$9.99/month,https://www.anytimemailbox.com/s/novato-926-diablo-avenue,Commercial,N
Melbourne - Wickham Rd (8530),8530 North Wickham Rd,Melbourne,FL,32940,US$25.00/month,https://www.anytimemailbox.com/s/melbourne-8530-north-wickham-road,Commercial,N
Plano - 15th St,2701 W 15th St,Plano,TX,75075,US$14.99/month,https://www.anytimemailbox.com/s/plano-2701-w-15th-street,Commercial,N
Cypress - Telge Rd,17505 Telge Rd,Cypress,TX,77429,US$9.99/month,https://www.anytimemailbox.com/s/cypress-17505-telge-road,Commercial,N
Houston - Katy Fwy,9337 Katy Fwy,Houston,TX,77024,US$9.99/month,https://www.anytimemailbox.com/s/houston-9337-katy-fwy,Commercial,N
Marlborough,11 Apex Drive,Marlborough,MA,01752,US$12.99/month,https://www.anytimemailbox.com/s/marlborough-11-apex-drive,Commercial,N
Richardson - West Lookout Dr,508 West Lookout Dr,Richardson,TX,75080,US$9.99/month,https://www.anytimemailbox.com/s/richardson-508-west-lookout-drive,Commercial,N
Elk Grove - Whitelock Pkwy,5650 Whitelock Parkway,Elk Grove,CA,95757,US$9.99/month,https://www.anytimemailbox.com/s/elk-grove-5650-whitelock-parkway,Commercial,N
Chicago - Blue Island,1655 S Blue Island #MAILBOX,Chicago,IL,60608,US$20.00/month,https://www.anytimemailbox.com/s/chicago-1655-s-blue-island,Commercial,N
Slidell - Oak Harbor Blvd,330 Oak Harbor Blvd,Slidell,LA,70458,US$14.99/month,https://www.anytimemailbox.com/s/slidell-330-oak-harbor-blvd,Commercial,N
Philadelphia - Oxford Ave,7311 Oxford Ave,Philadelphia,PA,19111,US$9.99/month,https://www.anytimemailbox.com/s/philadelphia-7311-oxford-avenue,Commercial,N
Corinth,6820 S Stemmons Fwy,Corinth,TX,76210,US$9.99/month,https://www.anytimemailbox.com/s/corinth-6820-s-stemmons-fwy,Commercial,N
Waukee,731 SE Alices Rd Unit #MAILBOX,Waukee,IA,50263,US$9.99/month,https://www.anytimemailbox.com/s/waukee-731-se-alices-road,Commercial,N
Detroit - Washington Blvd,1420 Washington Blvd,Detroit,MI,48226,US$60.00/month,https://www.anytimemailbox.com/s/detroit-1420-washington-blvd,Commercial,N
Menifee - Antelope Rd,30141 Antelope Road,Menifee,CA,92584,US$25.99/month,https://www.anytimemailbox.com/s/menifee-30141-antelope-road,Commercial,N
West Palm Beach - Old Okeechobee Rd,1211 Old Okeechobee Rd,West Palm Beach,FL,33401,US$9.99/month,https://www.anytimemailbox.com/s/west-palm-beach-1211-old-okeechobee-road,Commercial,N
Bakersfield - Oak St,1220 Oak St,Bakersfield,CA,93304,US$9.99/month,https://www.anytimemailbox.com/s/bakersfield-1220-oak-street,Commercial,N
Hutto,143 Exchange Blvd,Hutto,TX,78634,US$9.99/month,https://www.anytimemailbox.com/s/hutto-143-exchange-blvd,Commercial,N
New York - Broadway (2578),2578 Broadway,New York,NY,10025,US$24.99/month,https://www.anytimemailbox.com/s/new-york-2578-broadway,Commercial,N
Pittsburgh - Liberty Ave,606 Liberty Ave,Pittsburgh,PA,15222,US$19.99/month,https://www.anytimemailbox.com/s/pittsburgh-606-liberty-ave,Commercial,N
Billings - Grand Ave,3031 Grand Ave,Billings,MT,59102,US$14.99/month,https://www.anytimemailbox.com/s/billings-3031-grand-ave,Commercial,N
El Paso - Montwood Dr,12210 Montwood Dr,El Paso,TX,79928,US$9.99/month,https://www.anytimemailbox.com/s/el-paso-12210-montwood-drive,Commercial,N
Columbia - Two Notch Rd (6729),6729 Two Notch Rd,Columbia,SC,29223,US$11.99/month,https://www.anytimemailbox.com/s/columbia-6729-two-notch-road,Commercial,N
Dallas - Central Expwy (6060),6060 North Central Expressway,Dallas,TX,75206,US$39.99/month,https://www.anytimemailbox.com/s/dallas-6060-n-central-expressway,Commercial,N
Dallas - Preston Rd (18484),18484 Preston Rd,Dallas,TX,75252,US$9.99/month,https://www.anytimemailbox.com/s/dallas-18484-preston-road,Commercial,N
Palm Bay - Palm Bay Rd,2040 Palm Bay Rd NE,Palm Bay,FL,32905,US$9.99/month,https://www.anytimemailbox.com/s/palm-bay-2040-palm-bay-rd-ne,Commercial,N
Westfield - North Rd,1029 North Rd,Westfield,MA,01085,US$9.97/month,https://www.anytimemailbox.com/s/westfield-1029-north-road,Commercial,N
Evansville,2421 Menards Dr Ste 103 #MAILBOX,Evansville,IN,47715,US$11.99/month,https://www.anytimemailbox.com/s/evansville-2421-menards-dr,Commercial,N
Arlington - Woodland Park Blvd,4025 Woodland Park Blvd,Arlington,TX,76013,US$35.99/month,https://www.anytimemailbox.com/s/arlington-4025-woodland-park-blvd,Commercial,N
Denver - Fiddlers Green Cir,6400 S Fiddlers Green Cir,Greenwood Village,CO,80111,US$99.99/month,https://www.anytimemailbox.com/s/denver-6400-s-fiddlers-green-circle,Commercial,N
Aurora - Iliff Ave,17200 E Iliff Ave,Aurora,CO,80013,US$11.99/month,https://www.anytimemailbox.com/s/aurora-17200-e-iliff-avenue,Commercial,N
Katy - Clay Rd,19214 Clay Rd,Katy,TX,77449,US$8.99/month,https://www.anytimemailbox.com/s/katy-19214-clay-road,Commercial,N
Bedford,2113 Harwood Rd,Bedford,TX,76021,US$14.99/month,https://www.anytimemailbox.com/s/bedford-2113-harwood-road,Commercial,N
Bethlehem - Linden Street,2980 Linden St,Bethlehem,PA,18017,US$14.99/month,https://www.anytimemailbox.com/s/bethlehem-2980-linden-street,Commercial,N
Chamblee,1954 Airport Rd Unit #MAILBOX,Atlanta,GA,30341,US$9.99/month,https://www.anytimemailbox.com/s/chamblee-1954-airport-road,Commercial,N
Gilroy,8833 Monterey Hwy,Gilroy,CA,95020,US$7.99/month,https://www.anytimemailbox.com/s/gilroy-8833-monterey-hwy,Commercial,N
Highland Park,"2057 Green Bay Road, #MAILBOX",Highland Park,IL,60035,US$59.99/month,https://www.anytimemailbox.com/s/highland-park-2057-a-green-bay-road,Commercial,N
Colorado Springs - Ridgeline Drive,11590 Ridgeline Dr,Colorado Springs,CO,80921,US$14.99/month,https://www.anytimemailbox.com/s/colorado-springs-11590-ridgeline-drive,Commercial,N
Timonium - York Rd (1301),1301 York Rd,Timonium,MD,21093,US$9.99/month,https://www.anytimemailbox.com/s/timonium-1301-york-road,Commercial,N
Edmond - 178th St,3033 NW 178th St,Edmond,OK,73012,US$11.99/month,https://www.anytimemailbox.com/s/edmond-3033-nw-178th-street,Commercial,N
Cathedral City - Landau Blvd,27765 Landau Blvd,Cathedral City,CA,92234,US$9.99/month,https://www.anytimemailbox.com/s/cathedral-city-27765-landau-blvd,Commercial,N
Lake Dallas,209 S Shady Shores Dr,Lake Dallas,TX,75065,US$14.99/month,https://www.anytimemailbox.com/s/lake-dallas-209-s-shady-shores-drive,Commercial,N
Los Angeles - Wilshire Blvd (835),835 Wilshire Blvd,Los Angeles,CA,90017,US$8.99/month,https://www.anytimemailbox.com/s/los-angeles-835-wilshire-boulevard,Commercial,N
Briarcliff Manor,1872 Pleasantville Rd,Briarcliff Manor,NY,10510,US$9.99/month,https://www.anytimemailbox.com/s/briarcliff-manor-1872-pleasantville-road,Commercial,N
Livingston,2810 US Hwy 190 W,Livingston,TX,77351,US$9.99/month,https://www.anytimemailbox.com/s/livingston-2810-us-hwy-190-west,Commercial,N
Laurel - Sandy Spring Rd,8101 Sandy Spring Rd,Laurel,MD,20707,US$9.99/month,https://www.anytimemailbox.com/s/laurel-8101-sandy-spring-road,Commercial,N
Austin - Hwy 183 (13359),13359 N Highway 183,Austin,TX,78750,US$10.99/month,https://www.anytimemailbox.com/s/austin-13359-n-hwy-183,Commercial,N
Houston - FM 1960 Rd (3040),3040 FM 1960 Rd E,Houston,TX,77073,US$11.99/month,https://www.anytimemailbox.com/s/houston-3040-farm-to-market-road-1960-e,Commercial,N
Riverdale - Kenilworth Ave (6801),6801 Kenilworth Ave,Riverdale,MD,20737,US$9.99/month,https://www.anytimemailbox.com/s/riverdale-6801-kenilworth-avenue,Commercial,N
Conyers - Hwy 20 SE (3531),3531 Hwy 20 SE Ste 2-MAILBOX,Conyers,GA,30013,US$14.99/month,https://www.anytimemailbox.com/s/conyers-3531-hwy-20-se,Commercial,N
Katy - FM 1463,2750 FM 1463,Katy,TX,77494,US$9.99/month,https://www.anytimemailbox.com/s/katy-2750-fm-1463,Commercial,N
Scottsdale - Frank Lloyd Wright,15560 N Frank Lloyd Wright Suite B4-MAILBOX,Scottsdale,AZ,85260,US$7.99/month,https://www.anytimemailbox.com/s/scottsdale-15560-n-frank-lloyd-wright,Commercial,N
Concord,5011 Weddington Rd,Concord,NC,28027,US$12.99/month,https://www.anytimemailbox.com/s/concord-5011-weddington-road,Commercial,N
San Diego - Aero Dr,8690 Aero Dr,San Diego,CA,92123,US$9.99/month,https://www.anytimemailbox.com/s/san-diego-8690-aero-drive,Commercial,N
Portland - Macadam Ave,5331 S Macadam Ave,Portland,OR,97239,US$15.99/month,https://www.anytimemailbox.com/s/portland-5331-sw-macadam-avenue,Commercial,N
Honolulu,200 N Vineyard Blvd Ste A325 - MAILBOX,Honolulu,HI,96817,US$9.99/month,https://www.anytimemailbox.com/s/honolulu-200-n-vineyard-blvd,Commercial,N
Hixson,8521 Hixson Pike,Hixson,TN,37343,US$14.99/month,https://www.anytimemailbox.com/s/hixson-8521-hixson-pike,Commercial,N
San Jose - Almaden Expwy,6469 Almaden Expressway,San Jose,CA,95120,US$9.99/month,https://www.anytimemailbox.com/s/san-jose-6469-almaden-expwy,Commercial,N
Palm Beach Gardens,6231 PGA Blvd,Palm Beach Gardens,FL,33418,US$19.99/month,https://www.anytimemailbox.com/s/palm-beach-gardens-6231-pga-blvd,Commercial,N
Winter Haven - Spirit Lake Rd,110 Spirit Lake Rd,Winter Haven,FL,33880,US$9.99/month,https://www.anytimemailbox.com/s/winter-haven-110-spirit-lake-road,Commercial,N
Palmdale - 47th St,37951 47th St E,Palmdale,CA,93552,US$9.99/month,https://www.anytimemailbox.com/s/palmdale-37951-47th-street-east,Commercial,N
Perris,75 W Nuevo Rd,Perris,CA,92571,US$11.99/month,https://www.anytimemailbox.com/s/perris-75-w-nuevo-road,Commercial,N
Hurst - Pipeline Rd,811 W Pipeline Rd,Hurst,TX,76053,US$12.99/month,https://www.anytimemailbox.com/s/hurst-811-w-pipeline-road,Commercial,N
Laguna Beach - Broadway St,303 Broadway St,Laguna Beach,CA,92651,US$9.99/month,https://www.anytimemailbox.com/s/laguna-beach-303-broadway-street,Commercial,N
Los Angeles - Olympic Blvd (11150),11150 W Olympic Blvd,Los Angeles,CA,90064,US$9.49/month,https://www.anytimemailbox.com/s/los-angeles-11150-w-olympic-blvd,Commercial,N
Pensacola - Chiefs Way,120 Chiefs Way,Pensacola,FL,32507,US$12.99/month,https://www.anytimemailbox.com/s/pensacola-120-chiefs-way,Commercial,N
Tampa - Gunn Hwy (3750),3750 Gunn Hwy,Tampa,FL,33618,US$19.99/month,https://www.anytimemailbox.com/s/tampa-3750-gunn-hwy,Commercial,N
Bronx - Grand Concourse,557 Grand Concourse,Bronx,NY,10451,US$19.99/month,https://www.anytimemailbox.com/s/bronx-557-grand-concourse,Commercial,N
Greer,1309 W Poinsett St,Greer,SC,29650,US$9.99/month,https://www.anytimemailbox.com/s/greer-1309-w-poinsett-street,Commercial,N
Houston - Benmar Dr,440 Benmar Dr,Houston,TX,77060,US$14.99/month,https://www.anytimemailbox.com/s/houston-440-benmar-drive,Commercial,N
Austin - Capital of Texas Hwy,3801 N Capital of Texas Hwy,Austin,TX,78746,US$9.99/month,https://www.anytimemailbox.com/s/austin-3801-n-capital-of-texas-hwy,Commercial,N
Stonecrest,7173 E Covington Hwy STE 9B #MAILBOX,Stonecrest,GA,30058,US$13.99/month,https://www.anytimemailbox.com/s/stonecrest-7173-covington-highway,Commercial,N
Denver - Wazee St,1800 Wazee St,Denver,CO,80202,US$25.00/month,https://www.anytimemailbox.com/s/denver-1800-wazee-street,Commercial,N
Detroit - Grand Blvd (2870),2870 E Grand Blvd,Detroit,MI,48202,US$14.99/month,https://www.anytimemailbox.com/s/detroit-2870-e-grand-blvd,Commercial,N
Theodore,7272 Theodore Dawes Rd Ste C Unit MAILBOX,Theodore,AL,36582,US$19.99/month,https://www.anytimemailbox.com/s/theodore-7272-theodore-dawes-road,Commercial,N
Madison,300 Main Street,Madison,NJ,07940,US$14.99/month,https://www.anytimemailbox.com/s/madison-300-main-street,Commercial,N
San Diego - Clairemont Mesa Blvd,8334 Clairemont Mesa Blvd,San Diego,CA,92111,US$9.99/month,https://www.anytimemailbox.com/s/san-diego-8334-clairemont-mesa-blvd,Commercial,N
Medford - Main St,122 E Main St,Medford,OR,97501,US$39.99/month,https://www.anytimemailbox.com/s/medford-122-e-main-street,Commercial,N
Allen - Century Pkwy,450 Century Parkway,Allen,TX,75013,US$39.99/month,https://www.anytimemailbox.com/s/allen-450-century-parkway,Commercial,N
Las Vegas - Decatur Blvd (2605),2605 S Decatur Blvd,Las Vegas,NV,89102,US$8.98/month,https://www.anytimemailbox.com/s/las-vegas-2605-s-decatur-blvd,Commercial,N
Lubbock - 82nd St (4414),4414 82nd St,Lubbock,TX,79424,US$9.99/month,https://www.anytimemailbox.com/s/lubbock-4414-82nd-street,Commercial,N
Iselin,1404 Oak Tree Rd,Iselin,NJ,08830,US$9.99/month,https://www.anytimemailbox.com/s/iselin-1404-oak-tree-road,Commercial,N
Ellicott City - Baltimore National Pike (8455),8455 Baltimore National Pike,Ellicott City,MD,21043,US$9.99/month,https://www.anytimemailbox.com/s/ellicott-city-8455-baltimore-national-pike,Commercial,N
Saint Augustine - 6th St,2800 N 6th Street,Saint Augustine,FL,32084,US$12.99/month,https://www.anytimemailbox.com/s/saint-augustine-2800-n-6th-street,Commercial,N
Brooklyn - 5th St,2935 W 5th St,Brooklyn,NY,11224,US$9.99/month,https://www.anytimemailbox.com/s/brooklyn-2935-w-5th-st,Commercial,N
Baton Rouge - Interline Ave,9111 Interline Ave,Baton Rouge,LA,70809,US$19.99/month,https://www.anytimemailbox.com/s/baton-rouge-9111-interline-avenue,Commercial,N
Beltsville - Powder Mill Rd,4600 Powder Mill Rd,Beltsville,MD,20705,US$9.99/month,https://www.anytimemailbox.com/s/beltsville-4600-powder-mill-road,Commercial,N
Cypress - Barker Cypress Rd (12320),12320 Barker Cypress Rd,Cypress,TX,77429,US$9.99/month,https://www.anytimemailbox.com/s/cypress-12320-barker-cypress-road,Commercial,N
Bloomfield,43996 Woodward Ave,Bloomfield Twp,MI,48302,US$14.99/month,https://www.anytimemailbox.com/s/bloomfield-43996-woodward-avenue,Commercial,N
Slidell - Gause Blvd (636),636 Gause Blvd,Slidell,LA,70458,US$9.99/month,https://www.anytimemailbox.com/s/slidell-636-gause-blvd-east,Commercial,N
Laurel - Greenview Dr,14502 Greenview Dr,Laurel,MD,20708,US$9.99/month,https://www.anytimemailbox.com/s/laurel-14502-greenview-drive,Commercial,N
San Diego - Point Loma Blvd,3960 West Point Loma Blvd,San Diego,CA,92110,US$15.99/month,https://www.anytimemailbox.com/s/san-diego-3960-west-point-loma-blvd,Commercial,N
Nesconset,279 Smithtown Blvd,Nesconset,NY,11767,US$9.99/month,https://www.anytimemailbox.com/s/nesconset-279-smithtown-blvd,Commercial,N
Murrieta - Murrieta Hot Springs Rd,40477 Murrieta Hot Springs Rd,Murrieta,CA,92563,US$9.99/month,https://www.anytimemailbox.com/s/murrieta-40485-murrieta-hot-springs-rd,Commercial,N
Dixon,114 E Everett St Unit #MAILBOX,Dixon,IL,61021,US$9.99/month,https://www.anytimemailbox.com/s/dixon-114-e-everett-street,Commercial,N
Hollister,215 Gage Dr,Hollister,MO,65672,US$9.99/month,https://www.anytimemailbox.com/s/hollister-215-gage-drive,Commercial,N
Jacksonville - Carolina Forest Blvd,391 Carolina Forest Blvd,Jacksonville,NC,28546,US$11.99/month,https://www.anytimemailbox.com/s/jacksonville-391-carolina-forest-blvd,Commercial,N
Rancho Mirage - Bob Hope Dr (42440),42440 Bob Hope Dr,Rancho Mirage,CA,92270,US$9.99/month,https://www.anytimemailbox.com/s/rancho-mirage-42440-bob-hope-drive,Commercial,N
